id	nickname	nickname_en	speech_tone	profession	quote_ko	quote_en
d79e2066-498e-45c1-a6ac-f562fefe0940	J. P. 모건	J.P. Morgan	composed	investor	사람의 성격이 그의 담보다.	A man's character is his credit.
7057df05-dd84-4cb6-87ee-6b72008a9e2e	J.R.R. 톨킨	J.R.R. Tolkien	composed	author	사람의 마음은 그 행동만큼 나쁘지 않은 법이다	A man's heart is not as bad as his actions.
66c69179-b3b9-4688-ba22-22fb547acdcf	가쓰시카 호쿠사이	Katsushika Hokusai	free	visual_artist	하늘이 5년만 더 준다면 진정한 화가가 될 수 있을 텐데	If only heaven would grant me five more years, I could become a true painter.
f2776faa-2ca0-419c-b0ba-e413cacfa810	가의	Jia Yi	composed	humanities_scholar	백성은 국가의 근본이니, 근본이 흔들리면 천하도 무너질 뿐이다.	The people are the root of a nation; if the root shakes, the empire will simply crumble.
8c2056ea-2031-4d5a-b8d4-5367e535742f	갈릴레오 갈릴레이	Galileo Galilei	bold	scientist	측정할 수 있는 것은 측정하고, 측정 못하는 것은 측정 가능하게 만들겠다.	Measure what is measurable, and make measurable what is not so.
f04a6199-d710-40a3-9eaf-f0c23d40c6b7	강희제	Kangxi Emperor	composed	commander	알고자 하면 직접 보고 겪어야 한다. 들은 것만으로 안다면 웃음거리다.	To truly know, one must see and experience firsthand. To claim knowledge from hearsay alone is laughable.
a1c0f31f-9fcf-4306-be77-a102296c916e	건륭제	Qianlong Emperor	bold	politician	천하의 만물은 이미 다 갖춰져 있다.	All things under heaven are already complete.
1211cfb4-9404-47c9-963d-50bddee910de	게오르크 빌헬름 프리드리히 헤겔	Georg Wilhelm Friedrich Hegel	composed	humanities_scholar	미네르바의 부엉이는 황혼이 저물어야 날개를 펴기 시작한다.	The owl of Minerva spreads its wings only with the falling of the dusk.
daed2366-f165-43fe-adda-a554958afe3b	고종	Gojong	composed	politician	망국의 군주라는 오명 속에 쓰러질지라도, 대한제국의 칭제건원만은 결코 포기할 수 없을 따름이다.	Even if I fall under the stigma of a ruined monarch, I simply cannot give up the establishment of the Korean Empire.
648bcd12-f991-44a6-aa89-1c8e5a3e788d	고트프리트 빌헬름 라이프니츠	Gottfried Wilhelm Leibniz	composed	scientist	현재는 미래를 잉태하고 있다.	The present is pregnant with the future.
a5f63293-fc72-4337-8304-cefdfa2a82e3	공자	Confucius	humble	humanities_scholar	배우고 때때로 익히면 또한 기쁘지 않겠습니까.	Is it not pleasant to learn with a constant perseverance and application?
a423a244-3ce2-4063-aa92-a25ace9017ed	관우	Guan Yu	loyal	commander	비록 죽을지언정, 의를 버리지 않겠습니다.	Though I may die, I shall not abandon righteousness.
dbb2e365-0564-4c02-8bee-bb277c029fdc	광해군	Gwanghaegun	composed	politician	명과 후금의 거센 파도 속에서, 오직 백성의 안위만을 생각하며 위태로운 줄타기를 할 따름이다.	Amidst the fierce waves of Ming and Later Jin, I simply walk a tightrope, thinking only of my people's safety.
09c6248d-56b8-49a1-84fe-d34c8fd4ac77	구스타브 2세 아돌프	Gustavus Adolphus	bold	commander	하느님이 우리와 함께하시니, 누가 우리를 대적하리오	If God is with us, who can be against us?
35039b6f-199e-412c-9aca-dd198002101f	구스타프 말러	Gustav Mahler	composed	musician	교향곡은 하나의 세계와 같이 모든 것을 포함해야 한다.	A symphony must be like the world. It must contain everything.
a4810a54-af80-445f-b0da-7df5f3adbdec	구양수	Ouyang Xiu	free	humanities_scholar	취옹의 뜻은 술에 있지 않고 산수 사이에 있지요.	The drunkard elder's intent lies not in wine, but in the mountains and streams.
1cd781f1-867a-4b60-8f8f-8f622597922e	굴원	Qu Yuan	loyal	author	온 세상이 흐려도 나 홀로 맑겠노라	Though all the world is muddied, I alone will remain clear.
a0000001-0005-4000-8000-000000000005	귀스타브 플로베르	Gustave Flaubert	composed	author	보바리 부인은 바로 나다	Madame Bovary, c'est moi.
7ac1d450-4422-4c47-a25c-ab88d1affe47	그라쿠스 형제	The Gracchi Brothers	bold	politician	["공유지는 로마 시민의 것이다. 소수 귀족이 독점할 권리는 없다.", "들짐승에게도 굴이 있는데, 이탈리아를 위해 싸우는 사람들에게는 공기와 빛 외에는 아무것도 없다.", "형이 흘린 피가 내 발걸음을 이끈다. 나는 물러서지 않겠다.", "법이 민중을 보호하지 않는다면, 민중이 법을 바꿔야 한다.", "로마여, 내 피를 기억하라."]	["The public land belongs to the citizens of Rome. No aristocratic minority has the right to monopolize it.", "The wild beasts of Italy have their dens, yet the men who fight for Italy have nothing but air and light.", "My brother's blood guides my steps. I will not retreat.", "If the law does not protect the people, the people must change the law.", "Rome, remember my blood."]
3a5798d6-9923-4281-b6c2-daa75210ff5f	그레고어 멘델	Gregor Mendel	humble	scientist	나의 시대가 반드시 오리라 믿습니다.	My time will come.
66224aa2-8e18-4296-b35b-610b7a6515cd	기 드 모파상	Guy de Maupassant	composed	author	말이란 혼을 실어 나르는 것이지만 글은 영혼을 벌거벗긴다	Words are the soul's vessel, but writing lays the soul bare.
3f491fd3-ea13-4497-bd7e-544253efb44b	김대건	Kim Dae-geon	humble	leader	천주를 위하여 이 목숨을 바치는 것이 마땅합니다.	It is right to give my life for the Lord.
00d15c68-b627-45c8-86c6-99b8c2f38f53	김부식	Kim Bu-sik	composed	humanities_scholar	임금의 선악과 신하의 충역을 드러내어 후세의 경계로 삼으려 한다	I seek to illuminate the virtue and vice of rulers and the loyalty and treachery of subjects as a warning to posterity.
b176cb81-ef3c-485c-87ac-0db54709dd5f	김시습	Kim Si-seup	free	author	그 지극한 경지에 이르면 모두 올바른 이치에 돌아가게 하려는 것이다	Taken to their ultimate truth, all teachings return to the same right principle.
cfa118aa-90be-471c-8aa5-51c18e181e3e	김정희	Kim Jeong-hui	composed	visual_artist	세한연후에 송백지후조를 안다	Only after winter comes do we know that the pine and cypress are the last to lose their leaves.
a707b645-a310-4c05-a43c-7412a2ffffb8	김홍도	Kim Hong-do	gentle	visual_artist	씨름판의 투지와 서당의 눈물, 이 땅을 살아가는 평범한 백성들의 땀냄새가 가장 고귀한 예술이죠.	The grit of a wrestling match and tears in a schoolroom; the sweat of ordinary people is the noblest art.
f945659e-7cfc-4ea5-8c2e-8f303f6ba4d5	나쓰메 소세키	Natsume Soseki	composed	author	지나친 자유는 자기 자신을 파괴한다	Too much freedom destroys itself.
aea0e5ec-8354-4f1f-9f93-f69a3a651e0f	나폴레옹 3세	Napoleon III	composed	politician	제국은 곧 평화다	The Empire means peace.
0ba1daf9-47d5-4778-9175-0267737927cb	나폴레옹 보나파르트	Napoleon Bonaparte	bold	commander	내 사전에 불가능은 없다.	Impossible is a word to be found only in the dictionary of fools.
a0000001-0008-4000-8000-000000000008	너새니얼 호손	Nathaniel Hawthorne	composed	author	행복은 나비와 같아서, 쫓으면 잡히지 않지만 가만히 앉아 있으면 내려앉는다	Happiness is a butterfly, which, when pursued, is always just beyond your grasp, but which, if you will sit down quietly, may alight upon you.
90a07304-4186-4e01-b6b2-3e44c16d3911	네로	Nero	free	politician	내 안에 얼마나 위대한 예술가가 죽어가고 있는지요!	What an artist dies with me!
9f31d439-5a33-456b-9817-760fb3ba590e	네부카드네자르 2세	Nebuchadnezzar II	bold	commander	이 큰 바빌론은 내가 권능으로 세운 것이 아닌가	Is not this great Babylon, that I have built?
599a7af6-c4ec-4165-8e4c-b001165b50bd	네이선 로스차일드	Nathan Rothschild	bold	investor	피가 흐를 때 사라, 그것이 네 피라 할지라도.	Buy when there is blood in the streets, even if the blood is your own.
2654249d-c41e-4de1-b700-8a331f873e55	네페르티티	Nefertiti	bold	politician	천의 신전보다 하나의 태양이 밝다	One sun outshines a thousand temples.
fc2d4de1-ee3d-4b6d-960b-350affc02d6a	노자	Laozi	composed	humanities_scholar	천하의 어려운 일은 반드시 쉬운 데서 시작된다	A journey of a thousand miles begins with a single step.
6dd61569-ea13-4261-b94b-057122f2dbc1	누르하치	Nurhaci	bold	commander	건주에는 물러서는 장수가 없다	The Jianzhou have no retreating generals.
eed05fe9-cc4a-44c0-9976-e73812531a86	니콜라 테슬라	Nikola Tesla	bold	scientist	현재는 그들의 것일지 모르나, 내가 진심으로 노력해 온 미래는 나의 것이다.	The present is theirs; the future, for which I have really worked, is mine.
4031b515-d477-4e9d-b437-95e6c9e53d90	니콜라우스 코페르니쿠스	Nicolaus Copernicus	humble	scientist	천문학을 배우는 자는 신의 섭리에 따라 사는 것을 알게 됩니다.	He who studies astronomy learns to live according to God's providence.
68ddb391-299e-496a-809a-b2c004707102	니콜라이 부하린	Nikolai Bukharin	composed	politician	역사는 모순 속에서 움직인다. 새로운 형식은 낡은 형식 위에서 끊임없이 태어난다.	History moves through contradictions. New forms are constantly born upon old ones.
f7a1b2c3-d4e5-6789-abcd-ef0123456789	니콜로 마키아벨리	Niccolo Machiavelli	bold	humanities_scholar	사랑받기보다 두려움의 대상이 되는 편이 안전하다.	It is better to be feared than loved, if you cannot be both.
bd34ae9d-da6b-4896-942b-2b455bc05805	니콜로 파가니니	Niccolo Paganini	bold	musician	나는 잘생기지 않았지만, 여인들은 내 연주를 듣고 발아래 엎드린다	I am not handsome, but when women hear me play, they fall at my feet.
65442fcb-62d5-43fb-b90c-a68f21ebdc7f	닐스 보어	Niels Bohr	composed	scientist	전문가란 매우 좁은 분야에서 모든 실수를 해본 사람이다.	An expert is a person who has made all the mistakes that can be made in a very narrow field.
c7c58a04-0d7d-480a-8a51-3259847bc76f	다리우스 1세	Darius I	bold	commander	나는 정의의 벗이요, 거짓의 벗이 아니다	I am a friend of righteousness; I am not a friend of falsehood.
7873a3b1-ca56-47e3-8bb6-bf61ae9731af	다비드 벤구리온	David Ben-Gurion	bold	politician	어려운 일은 즉시 할 수 있고, 불가능한 일은 시간이 조금 더 걸릴 뿐이다.	The difficult we do immediately; the impossible takes a little longer.
8d9ac6ec-2095-427b-a2c6-6b8fdbbb910a	다케다 신겐	Takeda Shingen	bold	commander	사람은 성이요, 사람은 돌담이요, 사람은 해자이다.	People are a castle, people are a stone wall, people are a moat.
a0000001-0009-4000-8000-000000000009	다키자와 바킨	Takizawa Bakin	composed	author	두 눈이 멀지라도, 여덟 무사가 품은 인의예지의 정신은 붓끝을 타고 세상에 영원히 남을 따름이다.	Even if I lose my sight, the virtues of the eight warriors will simply endure through my brush.
22012fa0-631c-4394-acaa-dcefe6ed03ea	다테 마사무네	Date Masamune	bold	commander	흐림 없는 마음의 달로 속세의 어둠을 비추겠다.	With a cloudless heart like the moon, I shall illuminate the darkness of this mortal world.
9c61d7b8-2444-4c6d-906e-7d6423b312e2	단테 알리기에리	Dante Alighieri	bold	author	여기 들어오는 자, 모든 희망을 버려라.	Abandon all hope, ye who enter here.
2f03a905-17de-4953-9904-7dc184d870fe	더글러스 맥아더	Douglas MacArthur	loyal	commander	노병은 죽지 않는다, 다만 사라질 뿐이다.	Old soldiers never die; they just fade away.
666eaea9-a3b3-4434-a973-7597c63c89f1	데시데리우스 에라스무스	Desiderius Erasmus	free	humanities_scholar	장님의 나라에서는 애꾸눈이 왕이다.	In the kingdom of the blind, the one-eyed man is king.
30cbbcd5-7fd3-4f10-a633-a42b7ec74eb4	데이비드 흄	David Hume	composed	humanities_scholar	이성은 열정의 노예이며, 오직 열정의 노예이어야만 한다.	Reason is, and ought only to be the slave of the passions.
9139dbeb-058d-46ba-8322-667a543583f9	도겐	Dogen	humble	leader	자기를 잊는 것이 만법에 깨달아지는 것이다	To study the self is to forget the self. To forget the self is to be enlightened by all things.
296e45de-0586-44ab-b48e-f3fe052a6b1d	도요토미 히데요시	Toyotomi Hideyoshi	bold	commander	나는 새가 울지 않으면 울게 만들겠다.	If a bird won't sing, I will make it sing.
be551f9e-805d-4940-a70a-a3f70fa63074	도쿠가와 이에야스	Tokugawa Ieyasu	composed	commander	사람의 일생은 무거운 짐을 지고 먼 길을 가는 것과 같다.	Life is like carrying a heavy burden on a long journey.
638efa9d-b528-41e1-8ffe-87034d599cea	두아르테 1세	Duarte I	composed	politician	고귀한 덕성은 올바른 의지에서 비롯된다	Noble virtue springs from a righteous will.
9973befb-6936-486b-87bf-78cc8cedcccd	드미트리 멘델레예프	Dmitri Mendeleev	composed	scientist	과학은 보편적인 유산이며, 일반의 복리를 위해 존재한다.	Science is the universal heritage that exists for the common good.
eb0aa2b6-89e2-484c-8648-4e7c71141ea0	디오게네스	Diogenes	free	humanities_scholar	원하는 건 뭐든 들어준다고? 자네가 햇빛을 가리고 있으니 비켜주게.	You will grant me anything? Then stand aside — you are blocking my sun.
5faeecf2-7f8e-4dad-9cfa-30229716a39a	라빈드라나트 타고르	Rabindranath Tagore	free	author	믿음은 어둠 속에서도 노래하지요.	Faith is the bird that feels the light and sings when the dawn is still dark.
3121376c-4f07-4b2e-ba36-102640634491	라이트 형제	Wright Brothers	composed	entrepreneur	진실로 받아들여지는 것이 진실이라 가정한다면, 발전의 희망은 거의 없다.	If we assume that what is generally believed to be true is true, there is little hope of progress.
28f4cf23-e853-4ca8-837d-4e1c197e5f78	라파엘로 산치오	Raphael Sanzio	gentle	visual_artist	그림을 그릴 때는 생각하지 않아요.	I do not think when I paint.
dd4f0e94-52fe-4eb2-81f9-a9b723c27223	람모한 로이	Ram Mohan Roy	bold	leader	진리와 미덕은 부와 권력에 속하지 않는다	Truth and virtue do not belong to wealth and power.
4d8c28b7-846f-491c-9898-e41bc9f784cc	람세스 2세	Ramesses II	bold	commander	나는 만왕의 왕 람세스다, 나의 업적을 보고 경탄하라	I am Ramesses, King of Kings. Look on my works, ye mighty, and despair.
6690ac96-6a06-475f-95d6-5015d030527a	레오 톨스토이	Leo Tolstoy	free	author	행복한 가정은 모두 비슷한 이유로 행복하지만 불행한 가정은 저마다의 이유로 불행하다	All happy families are alike; each unhappy family is unhappy in its own way.
af9d6f10-8020-445b-95ad-6c64b06e6bbc	레오나르도 피보나치	Leonardo Fibonacci	composed	scientist	인도 숫자의 방법이 그 무엇보다 기쁘게 했다.	The method of the Indians pleased me more than any other.
85aa3986-1254-409c-8ded-b86cf48d2b98	레오니다스 1세	Leonidas I	bold	commander	와서 가져가 보라.	Come and take them.
1a896a13-7db4-4bc2-8ad1-3837ac0d220c	레온하르트 오일러	Leonhard Euler	free	scientist	눈 하나를 잃었으니 이제 방해가 줄었군.	I have lost one eye now — that will remove one more distraction.
c0c2e1e2-3fbd-462f-86a5-b077964adcca	렘브란트 판 레인	Rembrandt van Rijn	free	visual_artist	아는 것을 실천하라. 그러면 모르는 것이 밝혀질 것이다.	Practice what you know, and it will help to make clear what now you do not know.
620eef01-5254-4ec3-9fac-bf046ba9db79	로렌초 데 메디치	Lorenzo de Medici	gentle	politician	청춘은 달콤하고 아름답지만, 순식간에 지나간다	Quant' è bella giovinezza, che si fugge tuttavia!
48fe6893-3a00-427a-837d-75133ef9a70e	로버트 코흐	Robert Koch	composed	scientist	병원체를 찾아라. 원인 없이 질병은 존재하지 않는다.	Find the pathogen. No disease exists without a cause.
dfad4255-6324-4ba0-9b37-dee6ed3eba21	로베르트 슈만	Robert Schumann	gentle	musician	인간의 마음속 어둠에 빛을 보내는 것, 그것이 예술가의 의무예요.	To send light into the darkness of men's hearts — such is the duty of the artist.
a1b2c3d4-e5f6-4a5b-8c9d-0e1f2a3b4c5d	로저 베이컨	Roger Bacon	composed	humanities_scholar	가장 강력한 논증도 경험으로 검증되지 않는 한 아무것도 증명하지 못한다.	Argument is conclusive, but it does not remove doubt so that the mind rests in the sure knowledge of the truth.
f7afb86b-6a9b-41f0-b3a4-e70a6ea4b3ab	루이 14세	Louis XIV	bold	politician	짐은 죽지만 국가는 영원하리라	I depart, but the State shall always remain.
2bbb5d80-b0f5-4af0-8218-8c2ed13fb2be	루이 16세	Louis XVI	gentle	politician	국민이여, 나는 죄 없이 죽는다	People, I die innocent.
aac0e8d1-7ded-496e-b48e-d417fd9c826a	루이 브라유	Louis Braille	humble	scientist	소통은 우리가 동등하다는 것을 증명하는 길이다.	Access to communication is the means by which we demonstrate our equality.
b87ce8bf-9a5e-47e3-b8da-a161a2144511	루이 파스퇴르	Louis Pasteur	composed	scientist	준비된 정신에게만 기회는 찾아온다.	Chance favors only the prepared mind.
63ab5097-210c-4af1-852b-02d999ae8c4d	루키우스 안나이우스 세네카	Lucius Annaeus Seneca	composed	humanities_scholar	삶은 짧다. 우리가 낭비하기 때문에 짧은 것이다.	Life is short. It is made short by our wasting it.
1d76edd0-cc58-420c-82c2-3cd2870d498f	루트비히 비트겐슈타인	Ludwig Wittgenstein	composed	humanities_scholar	말할 수 없는 것에 대해서는 침묵해야 한다.	Whereof one cannot speak, thereof one must be silent.
704ff63d-06f2-482f-9706-08bdf3e0e180	르네 데카르트	Rene Descartes	composed	humanities_scholar	나는 생각한다, 고로 존재한다.	I think, therefore I am.
8c4c228e-c21a-4601-a557-dc1fd9763b41	리처드 1세	Richard I	bold	commander	나는 신 외에 어떤 상위 권위도 인정하지 않는 지위에서 태어났다.	I was born in a rank that recognizes no superior authority except God alone.
4098c2ae-7818-4010-9f8c-52956efc556f	리하르트 바그너	Richard Wagner	bold	musician	기쁨은 사물 속에 있지 않다. 우리 안에 있다.	Joy is not in things. It is in us.
2e076a9a-457b-400d-92f7-a5e5e0b9d407	마담 C.J. 워커	Madam C.J. Walker	bold	entrepreneur	기회를 기다리지 말고 일어나서 만들어라.	Don't sit down and wait for opportunities to come. Get up and make them.
3e21d6ff-e57d-42cd-89ff-048d814ee942	마르코 폴로	Marco Polo	bold	author	내가 본 것의 절반도 이야기하지 못했다	I have not told half of what I saw.
f8068ca6-0398-46ac-a302-0ba2025d2e07	마르쿠스 아그리파	Marcus Agrippa	loyal	commander	로마의 영광은 내가 세운 돌 위에 선다	Rome's glory stands on stones I laid.
1253573a-395d-42b9-8b4e-dcb2610b709e	마르쿠스 아우렐리우스	Marcus Aurelius	composed	humanities_scholar	우리 삶은 우리가 생각하는 대로 만들어진다.	Our life is what our thoughts make it.
59156480-d513-4f3e-8075-dea4a5a82156	마르틴 하이데거	Martin Heidegger	composed	humanities_scholar	언어는 존재의 집이다.	Language is the house of being.
1b2fd1a5-eaca-439a-9465-eaf6ae2d2906	마리 앙투아네트	Marie Antoinette	humble	politician	용기를 보여온 세월이 있는데, 고통이 끝나는 이 순간에 어찌 용기를 잃겠습니까?	I have shown courage throughout the years I have lived. Shall I lose my courage now, at the moment when my suffering ends?
489c84f8-61be-4553-9aa2-75b549accda9	마리 퀴리	Marie Curie	composed	scientist	인생에서 두려워할 것은 없다. 다만 이해해야 할 것이 있을 뿐이다.	Nothing in life is to be feared, it is only to be understood.
78c35399-1a5f-4332-ae3d-ae2db7f425d9	마리아 테레지아	Maria Theresa	composed	politician	제국의 첫째 자리는 나의 것이다	The first place in the empire is mine.
0453948f-4643-4bf1-b494-cfa62dbdc87b	마오쩌둥	Mao Zedong	bold	politician	권력은 총구에서 나온다.	Political power grows out of the barrel of a gun.
c6d81f05-d52a-4d03-99f3-876a9834f416	마이클 패러데이	Michael Faraday	composed	scientist	일하고, 끝내고, 발표하라.	Work. Finish. Publish.
9cd19b34-07cf-408c-a36d-42b2ade8afac	마크 트웨인	Mark Twain	free	author	진실은 소설보다 기묘하지요. 소설과 달리 가능성에 얽매이지 않으니까요.	Truth is stranger than fiction, but it is because fiction is obliged to stick to possibilities.
b5c4c38f-0a85-4178-9d04-be75d4037738	마틴 루터	Martin Luther	bold	humanities_scholar	나는 여기 서있다. 달리 할 수 없다.	Here I stand. I can do no other.
a9d5a0d2-42f4-4cac-8f30-7d16209d00b6	마하트마 간디	Mahatma Gandhi	humble	leader	세상에서 보고 싶은 변화가 있다면, 스스로 그 변화가 되십시오.	Be the change you wish to see in the world.
e1e5d499-2838-40a9-b322-5f557d2b4bf5	막스 플랑크	Max Planck	composed	scientist	새로운 과학적 진실은 반대론자를 설득하는 게 아니라, 그들이 죽고 새 세대가 자라나면서 승리한다.	A new scientific truth does not triumph by convincing its opponents, but rather because its opponents eventually die and a new generation grows up.
43f4aac6-d78f-4799-8dbb-01b85fb5b3ce	막시밀리앙 드 로베스피에르	Maximilien Robespierre	bold	politician	억압받는 자를 돕고 강자에 맞서 약자를 변호하는 것이 내 사명이다	It is my mission to aid the oppressed and to defend the weak against the strong.
07f3646d-58f8-4803-be83-81b7648a08a5	맹자	Mencius	bold	humanities_scholar	하늘이 장차 큰 임무를 그 사람에게 내릴 때는 반드시 먼저 그 마음을 괴롭게 한다.	When Heaven is about to confer a great task on someone, it first disciplines their mind.
61801045-0700-4309-83d9-a27d5b4f807f	메리 셸리	Mary Shelley	free	author	발명이란 혼돈에서 형태를 부여하는 것이죠.	Invention consists of giving form to chaos.
2668020b-a5aa-41d9-92a2-bce0914575bc	메리 울스턴크래프트	Mary Wollstonecraft	bold	author	나는 여성이 아니라 인간으로 대우받기를 원한다.	I do not wish to be treated as a woman, but as a human being.
3d6cd4ea-6263-4499-8ad8-fc0146de1814	메이지 천황	Emperor Meiji	loyal	politician	지식을 세계에 구하여 황기를 크게 떨치리라.	Seek knowledge throughout the world and thus strengthen the foundations of imperial rule.
6d555bf0-0859-4975-826e-62f49f90c45b	메흐메트 2세	Mehmed II	bold	commander	나는 로마 황제이며, 콘스탄티노폴리스는 내 것이다.	I am the Roman Emperor, and Constantinople is mine.
bfd405b3-17c2-49fe-b507-f8f9a35938ea	명성황후	Empress Myeongseong	composed	politician	조선을 노리는 열강의 날카로운 발톱 앞에서도, 일국의 국모로서 한 치도 물러서지 못할 따름이다.	Before the sharp claws of powers targeting Joseon, I simply cannot back down even an inch as the Mother of the Nation.
a0000001-000b-4000-8000-00000000000b	모리 오가이	Mori Ogai		author	나는 돌이 되고 싶다. 물이 흘러가는 것을 가만히 바라보는 돌이	I want to become a stone — a stone that quietly watches the water flow past.
3044de32-c0a0-498b-aeac-1c43a887a158	몽테스키외	Montesquieu	composed	social_scientist	자유란 법이 허용하는 모든 것을 할 수 있는 권리다.	Liberty is the right to do what the law permits.
7e9a791b-d4d2-4f98-b5cb-67c6acd207f9	무라사키 시키부	Murasaki Shikibu	gentle	author	배움에 반쯤만 매진하는 것은 배움이 아니다	To be half-committed to learning is not learning at all.
5768b34d-10c7-4dda-acfe-adcfd4bb8912	무스타파 케말 아타튀르크	Mustafa Kemal Atatürk	bold	commander	집에서 평화, 세계에서 평화.	Peace at home, peace in the world.
a41e3ced-313e-4e67-9cdd-90cc7c3c50c8	묵자	Mozi	humble	humanities_scholar	천하의 사람들을 자기 자신처럼 사랑하십시오.	Love all people as you love yourself.
2a8d0c9c-31a6-4cd8-991d-51059af61722	미겔 데 세르반테스	Miguel de Cervantes	free	author	사랑과 전쟁에서는 모든 것이 정당하지요.	In love and war, all is fair.
111aa1bf-ca72-4da2-b8dc-f1a3946a0b0a	미나모토노 요리토모	Minamoto no Yoritomo	loyal	commander	무사의 칼끝으로 무능한 조정을 베어내고, 가마쿠라에서 천하의 새로운 질서를 세우겠노라.	I shall cut down the incompetent court with a samurai's blade and establish a new order in Kamakura.
1e87632f-0e8f-429f-bf84-7def0a70d24f	미셸 드 몽테뉴	Michel de Montaigne	free	humanities_scholar	나는 무엇을 아는가?	What do I know?
cfb3ac2c-d7e7-4e73-870f-e3de628b4866	미켈란젤로	Michelangelo	bold	visual_artist	사소한 것들이 완벽함을 만든다, 완벽함은 사소하지 않다.	Trifles make perfection, and perfection is no trifle.
7f2aaa13-0ef3-414f-b17c-983611f11746	미트리다테스 6세	Mithridates VI	bold	commander	모든 독에 대비했으나, 가장 치명적인 독은 대비하지 못했다. 자식과 친구의 배신이다	I guarded against every poison, but not the deadliest of all: the betrayal of children and friends
6b263ca0-0a65-4d8e-9789-6fc3839557f0	미하일 8세	Michael VIII Palaiologos	bold	politician	라틴의 개들을 내쫓고 십자가의 참된 주인을 찾아, 장엄한 콘스탄티노플을 다시 일으키리라.	I will drive out the Latins and reclaim the cross, raising glorious Constantinople once again.
6d405ef0-3fbd-431b-bd30-62ea9d247913	바뤼흐 스피노자	Baruch Spinoza	composed	humanities_scholar	자유로운 인간은 죽음에 대해서는 아무것도 생각하지 않는다	A free man thinks of nothing less than death.
3cbf3ebc-3f80-49de-b2dc-131446621cfc	바스코 다 가마	Vasco da Gama	bold	commander	우리는 기독교인과 향신료를 찾으러 왔다.	We came in search of Christians and spices.
0e556bc9-1f1d-4c38-a5cc-72d4fa077e45	박규수	Park Gyu-su	composed	politician	세상이 변하고 있으니 마땅히 새로운 문물을 받아들여야 한다.	The world is changing, so we must embrace new things accordingly.
209ae40c-371e-4f1b-b408-42ad4a4af095	박제가	Park Je-ga	free	humanities_scholar	재물은 우물 같아서, 길어내면 차지만 쓰지 않으면 말라버리지요.	Wealth is like a well — draw from it and it fills, but leave it unused and it runs dry.
5eba5fed-90ad-4e24-8e4d-4cc61fcc9125	박지원	Park Ji-won	free	humanities_scholar	법이 낡으면 폐지하고, 제도가 낡으면 고쳐야 하지요.	When laws are outdated, abolish them. When institutions are outdated, reform them.
0c2389bd-ad53-408e-a5ee-910e9f6d7c96	버지니아 울프	Virginia Woolf	composed	author	여성이 소설을 쓰려면 돈과 자기만의 방이 있어야 한다.	A woman must have money and a room of her own if she is to write fiction.
a7ed6bce-5800-48e3-a0a8-e048777dc48f	버트런드 러셀	Bertrand Russell	composed	humanities_scholar	내가 죽을 때 두려움은 없다. 다만 호기심이 있을 뿐이다.	When I die, there will be no fear. Only curiosity.
2ee3a4c0-a6e5-4217-a4f3-46663493e156	베니토 무솔리니	Benito Mussolini	bold	politician	민주주의는 국민에게 가장 많이 아첨하는 자가 통치하는 체제다.	Democracy is a regime in which those who flatter the people the most are the ones who rule.
5748fda6-e582-4b74-963e-25a778d30d3a	베르나르 리만	Bernhard Riemann	composed	scientist	증명은 방대한 계산이 아닌 아이디어를 통해 이루어져야 한다.	Proofs must be achieved through ideas, not through vast calculations.
c399f443-0870-4151-92f5-0a5da70e01da	벤자민 프랭클린	Benjamin Franklin	free	politician	시간은 돈이다.	Time is money.
d7d5f4b5-b935-4949-ad70-edd1df80df09	벤저민 그레이엄	Benjamin Graham	composed	investor	안전마진이 투자의 핵심이다.	The margin of safety is the central concept of investment.
df9b3e33-c5a9-4c68-91b3-f714288a93c8	벤저민 디즈레일리	Benjamin Disraeli	composed	politician	성공은 대담함의 자식이다	Success is the child of audacity.
c3387004-321d-49be-9e5f-e1f23db5c142	보나벤투라	Bonaventure	humble	humanities_scholar	교만이 모든 죄의 시작이듯, 겸손은 모든 덕의 기초다	As pride is the beginning of all sin, so humility is the foundation of all virtue.
8f1820a6-ede6-4fec-8181-e8e96f535657	볼테르	Voltaire	bold	author	상식은 그리 흔하지 않다.	Common sense is not so common.
e02939f5-7f90-4826-9532-1b8af00fb365	볼프강 아마데우스 모차르트	Wolfgang Amadeus Mozart	bold	musician	나는 남의 칭찬이나 비난 따위에 신경 쓰지 않는다. 그저 내 감정을 따를 뿐이다.	I pay no attention whatever to anybody's praise or blame. I simply follow my own feelings.
2b8cf3b8-cc6a-4c4f-8705-76148a4537ed	블라드 3세	Vlad III	bold	commander	이단자들의 피로 대지를 적시고 수만 개의 말뚝으로 나의 조국을 철통같이 방어할 것이다.	I will soak the earth with heretics' blood and defend my homeland fiercely with tens of thousands of stakes.
2b28314d-3580-483e-9275-1cc5fbbeff04	블라디미르 레닌	Vladimir Lenin	bold	politician	배우고 배우고 또 영원히 배워야 한다.	Learn, learn, and learn again — forever.
9b87aec3-895a-4a74-bbc8-cc12bff69b01	블레즈 파스칼	Blaise Pascal	composed	scientist	인간은 생각하는 갈대이다.	Man is but a reed, the most feeble thing in nature; but he is a thinking reed.
e4f57a9e-a5c5-4303-b26d-390a10397c15	비베카난다	Vivekananda	bold	leader	일어나라, 깨어나라, 목표에 이를 때까지 멈추지 마라	Arise, awake, and stop not till the goal is reached.
1e0a02dd-21f6-4936-8513-758805f27f0b	빅토르 위고	Victor Hugo	bold	author	음악은 말로 표현할 수 없지만 침묵할 수도 없는 것을 표현한다.	Music expresses that which cannot be put into words and that which cannot remain silent.
33826f94-2216-4da8-aec7-566581f09b93	빅토리아 여왕	Queen Victoria	composed	politician	패배의 가능성에는 관심이 없다, 그런 것은 존재하지 않는다	We are not interested in the possibilities of defeat; they do not exist.
a17ef655-e744-4ebe-a904-f7b8757c2248	빌헬름 9세	Wilhelm IX	free	author	금고의 열쇠가 왕관보다 무겁다	The key to the vault outweighs the crown.
fd084c8a-f2b2-45f6-94d0-6440996127d4	사령운	Xie Lingyun	free	author	천하의 재주가 한 섬이라면 조자건이 여덟 말을 차지한다	If all the talent in the world were one bushel, Cao Zhi alone would take eight pecks.
3bb8791b-708c-475a-8da3-c4811100363b	사마광	Sima Guang	composed	social_scientist	역사를 거울삼아 오늘의 득과 실을 안다	Use history as a mirror to understand the gains and losses of today.
6d99c7a8-2436-4d3f-b170-ae7f1b83f302	사마의	Sima Yi	composed	politician	제갈량은 천하의 귀재다	Zhuge Liang is a genius of the world.
41de1904-1cb4-4ff1-9ae9-9dc38eb27cdb	사마천	Sima Qian	bold	humanities_scholar	사람은 모두 한 번 죽는다. 어떤 죽음은 태산보다 무겁고, 어떤 죽음은 깃털보다 가볍다.	Every man must die. Some deaths are weightier than Mount Tai; others lighter than a feather.
5eb8782e-b0fa-47b4-bb8d-ba6da4e7bdac	사이고 다카모리	Saigo Takamori	loyal	commander	하늘을 공경하고 사람을 사랑하라	Revere heaven, love people.
7298ae3c-f94f-4e92-9f63-17dddddce54d	사포	Sappho	free	author	누군가 다른 시대에서도 우리를 기억하리라	Someone will remember us, I say, even in another time.
8f42e8c6-d3ce-4ecc-8e5e-62001198a229	살라딘	Saladin	bold	commander	혈기를 경계해야 한다. 피는 결코 잠들지 않는다.	Beware of rashness. Blood never sleeps.
f67000a8-63bd-432c-a152-e5946a55eeea	새뮤얼 테일러 콜리지	Samuel Taylor Coleridge	free	author	상상력은 살아있는 힘이며 모든 인간 지각의 으뜸 작용인이지요.	Imagination is the living power and prime agent of all human perception.
617005a2-9292-4d77-af6f-30b0862203d9	샤 루흐	Shah Rukh	gentle	politician	아버지의 피 묻은 칼날로 세운 제국을, 가치 있는 학문과 예술의 벽돌로 두텁게 다져야겠죠.	I should solidify my father's empire, built with a bloody blade, using the shining bricks of arts and scholarship.
5e409e79-ce12-4c33-8663-fb5e55502b3c	샤를 드골	Charles de Gaulle	bold	politician	프랑스는 패배했지만, 전쟁에서 진 것은 아니다.	France has lost a battle. But France has not lost the war.
d1f36056-87d8-4529-bace-82c75d8bed5e	샤를 보들레르	Charles Baudelaire	free	author	미는 언제나 기묘하지요.	Beauty is always strange.
16a11f58-af82-4d4f-a515-3a602cb5f6b7	샬럿 브론테	Charlotte Bronte	composed	author	나는 작가로서만 판단받기를 원한다. 그것이 나의 유일한 기준이다.	I wish to be judged only as a writer. That is my only standard.
d8b7bbec-0610-42bf-8970-8b0846f0b63e	석가모니	Siddhartha Gautama	humble	leader	과거에 얽매이지 말고 미래를 꿈꾸지 마십시오. 현재를 사십시오.	Do not dwell in the past, do not dream of the future, concentrate the mind on the present moment.
9b288cc4-d156-4b21-b2de-7104e12f6629	성삼문	Seong Sam-mun	loyal	politician	이 몸이 죽어가서 낙락장송 되어 백설이 만건곤할 제 독야청청하리라	Though this body dies and dies a hundred times over, my heart devoted to you shall never fade.
fcac3007-34ab-47af-bbc0-d5745f8ec320	세르게이 라흐마니노프	Sergei Rachmaninoff	gentle	musician	음악은 평생으로도 부족하고, 평생은 음악으로 충분해요.	Music is enough for a lifetime, but a lifetime is not enough for music.
fa146664-71a7-4b65-926a-1b9f3f48bc4b	세뮤얼 존슨	Samuel Johnson	composed	author	위대한 일은 힘이 아니라 인내로 이뤄진다	Great works are performed not by strength, but by perseverance.
02ce6160-21b1-43c0-a85e-9d64a051a51d	세종대왕	Sejong the Great	humble	politician	인재를 맡겼으면 의심하지 마십시오. 의심이 있으면 맡기지 마십시오.	If you entrust someone, do not doubt them. If you have doubt, do not entrust them.
5b7ea359-bc08-4738-8eff-38065bc400fb	소동파	Su Shi	free	author	척박한 유배지라도 맛있는 고기가 있고 밝은 달이 뜨는데, 인생이란 그저 한바탕 즐기면 그만이잖아.	Even in exile, there is sweet meat and a bright moon. Isn't life just meant to be thoroughly enjoyed?
1aad114e-b378-4554-b504-198058dcf119	소르 후아나 이네스 데 라 크루스	Sor Juana Ines de la Cruz	bold	author	더 많이 알기 위해서가 아니라 덜 무지하기 위해 공부한다	I study not to know more, but to be less ignorant.
37d269ae-7c6e-438a-b0e3-fff93488b790	소진	Su Qin	bold	humanities_scholar	여섯 나라의 도장이 내 허리에 있으니, 진나라의 군대는 감히 함곡관을 넘지 못할 것이다.	With the seals of six nations at my waist, Qin's army shall not dare cross the Hangu Pass.
7db33f5b-b133-428d-9ae0-9b8e565b47b9	소크라테스	Socrates	composed	humanities_scholar	너 자신을 알라.	Know thyself.
26426843-7471-44c9-80f2-0b027dcdd317	소포클레스	Sophocles	composed	author	진실은 언제나 가장 강력한 논거다	Truth is always the strongest argument.
8ac6cc0e-ae8d-4b88-9f9d-7c946a2201ca	소하	Xiao He	composed	politician	천하의 지도와 호적은 금은보화보다 귀하다	Maps and census records of the realm are worth more than gold and jewels
8d3f7fc5-4aaf-42cd-9db4-cb7189205f84	손권	Sun Quan	bold	commander	오의 땅 전부를 들어 남에게 제어당하고 살 순 없다. 나의 계책은 이미 정해졌다	I cannot live under another's control by surrendering all of Wu. My plan is already decided.
e7151208-9ed2-4728-add6-c10596282dee	손빈	Sun Bin	composed	commander	형세를 아는 자는 전쟁에서 길을 잃지 않는다.	One who knows the terrain will never lose their way in war.
57f56912-0e4c-4ac1-8141-5ea1130d11c5	솔론	Solon	composed	politician	무엇이든 지나치지 말라	Nothing in excess.
6dee1ec0-0b15-41eb-a27d-dfe013b929f7	순자	Xunzi	composed	humanities_scholar	학문은 멈추지 말아야 한다	Learning must never cease.
7736f0c0-7cf0-4dba-9444-e40cd50ada2e	술레이만 1세	Suleiman the Magnificent	bold	commander	세 대륙을 지배하는 황제로서 짐의 율법과 검 앞에 굴복하지 않는 기독교도는 없을 것이다.	As the emperor ruling three continents, no Christian shall remain unyielding before my laws and sword.
e0965abb-0d3a-4133-9e36-07372e12d699	스키피오 아프리카누스	Scipio Africanus	bold	commander	평화를 견디지 못했으니, 전쟁을 준비하라.	If you cannot endure peace, prepare for war.
a0000001-0007-4000-8000-000000000007	스탕달	Stendhal	bold	author	소설은 큰 길을 따라 운반되는 거울이다	A novel is a mirror carried along a main road.
9b5505dd-2a44-4664-8a63-f0ddfcf117b8	스테판 말라르메	Stephane Mallarme	free	author	주사위 던지기는 결코 우연을 폐지하지 못하죠.	A throw of the dice will never abolish chance.
41325e0a-2db0-4ad0-9923-383b1ed37616	시몬 볼리바르	Simón Bolívar	bold	commander	자유로운 민족을 해방시키는 것이 노예로 만드는 것보다 더 어렵다	It is harder to liberate a free people than to enslave them.
9a177cae-5ee0-48c3-93f0-c97a09e8fa9b	시시 황후	Empress Elisabeth	free	politician	자유를 향한 길을 잃은 채, 사슬 안에서 눈을 뜨고 말았지요	Having lost my way to freedom, I woke up inside my chains.
4573a12d-df50-4945-bcc7-24158fd495c7	시어도어 루스벨트	Theodore Roosevelt	bold	politician	부드럽게 말하되, 큰 몽둥이를 들어라. 그러면 멀리 간다.	Speak softly and carry a big stick; you will go far.
a8f5d863-a5e3-422b-b11e-e50875c6dc9f	신사임당	Shin Saimdang	gentle	visual_artist	풀벌레의 작은 떨림에도 우주가 깃들어 있으니, 붓끝으로 그 생명을 담아낼 뿐이죠.	Since the universe resides even in an insect's small flutter, I simply capture its life with my brush.
029b6195-94ad-4443-814c-fd35949315ec	신윤복	Shin Yun-bok	gentle	visual_artist	옷깃 너머로 흔들리는 남녀의 은밀한 마음이야말로 화폭에 담을 수 있는 가장 솔직한 아름다움이죠.	The secret hearts of men and women trembling beyond their collars are the most honest beauty an artist can capture.
44274706-911d-4ab3-b2e8-a7e4be98aaef	아놀드 쇤베르크	Arnold Schoenberg	bold	musician	나는 독일 음악의 미래를 100년 동안 보장했다.	I have secured the future of German music for the next hundred years.
17da4839-7e62-4f35-938c-a1ba26375091	아담 스미스	Adam Smith	composed	social_scientist	개인의 이기심이 사회 전체의 이익으로 이어진다.	It is not from the benevolence of the butcher, the brewer, or the baker that we expect our dinner, but from their regard to their own interest.
4815eeb7-895a-4e1a-87f4-2f96f4ed7e18	아돌프 히틀러	Adolf Hitler	bold	politician	큰 거짓말일수록 사람들은 쉽게 믿는다.	The bigger the lie, the more people believe it.
63fbb09c-de95-4cbf-b594-b322b8c1f45c	아르키메데스	Archimedes	composed	scientist	나에게 지렛대와 받침점을 다오, 지구를 들어 보이겠다	Give me a lever and a place to stand, and I will move the Earth.
33fef84e-fbb0-4d67-9b84-04102692ddad	아르투어 쇼펜하우어	Arthur Schopenhauer	composed	humanities_scholar	인생은 고통과 무료함 사이를 오가는 시계추와 같다.	Life swings like a pendulum backward and forward between pain and boredom.
18363717-673e-44b7-9076-bc56463d42fb	아리스토텔레스	Aristotle	composed	humanities_scholar	우리는 반복적으로 하는 행동의 결과이다. 탁월함은 행동이 아니라 습관이다.	We are what we repeatedly do. Excellence, then, is not an act, but a habit.
21bbb37c-54e4-46ab-b64e-b05aa0e960d0	아서 웰링턴 공작	Duke of Wellington	composed	commander	워털루는 가까스로 이긴 싸움이었다.	It was the nearest run thing you ever saw in your life.
43f18ee0-3570-4929-a7f0-090f0431b61f	아서 코난 도일	Arthur Conan Doyle	composed	author	인간 위대함의 증거는 자신의 작음을 아는 것이다.	The proof of human greatness is in knowing one's own smallness.
a3e7c45f-5b6a-47f3-bac2-86a8fea99d33	아소카 왕	Ashoka the Great	humble	politician	모든 인간은 나의 자녀입니다.	All men are my children.
143771ff-5b02-4986-a41e-fb7dc64549ec	아시시의 프란치스코	Francis of Assisi	humble	leader	필요한 일부터 하라, 그러면 가능한 일을 하게 되고, 어느새 불가능한 일을 하게 된다	Start by doing what is necessary, then what is possible, and suddenly you are doing the impossible.
c1a2b3d4-e5f6-7890-abcd-ef1234567890	아우구스투스	Augustus	bold	politician	천천히 서둘러라.	Hasten slowly.
a01481b9-3f53-4f8d-8bf4-3f3f7abb99d8	아이스킬로스	Aeschylus	bold	author	고통을 통해서만 지혜에 이른다	He who learns must suffer. And even in our sleep pain that cannot forget falls drop by drop upon the heart.
f9cea6db-47fb-4550-a1a4-770a3a501a73	아이작 뉴턴	Isaac Newton	composed	scientist	내가 더 멀리 볼 수 있었다면 그것은 거인들의 어깨 위에 서 있었기 때문이다.	If I have seen further, it is by standing on the shoulders of giants.
2f2c9a3a-2c3b-4021-a191-251a66d3957c	악바르 대제	Akbar the Great	bold	commander	한 통치자는 모든 종교에 대해 관용적이어야 한다.	A ruler must be tolerant of all religions.
875c920f-19d5-417d-afad-5e3307e7d391	악비	Yue Fei	loyal	commander	문신이 재물을 좋아하지 않고 무신이 죽음을 아끼지 않으면 천하가 태평할 것이다.	When civil officials do not love wealth and military officials do not fear death, the world will be at peace.
b4390552-d9df-4b47-a0c9-51bf1f810c2f	안중근	An Jung-geun	loyal	commander	하루라도 책을 읽지 않으면 입안에 가시가 돋는다	A day without reading leaves thorns in the mouth.
245fc462-b207-40a2-9ec5-74576a6fc2c3	안토니오 그람시	Antonio Gramsci	composed	humanities_scholar	낡은 것은 죽어가고 새것은 아직 태어나지 못한 공백기다.	The old is dying and the new cannot be born — in this interregnum, a great variety of morbid symptoms appear.
e3bee3c9-df5e-4ed9-9f8d-8b2299c409b0	안토니오 비발디	Antonio Vivaldi	gentle	musician	봄의 환희부터 겨울의 고요함까지, 자연이 품은 선율은 바이올린을 통해 비로소 숨을 쉬게 되죠.	From spring's joy to winter's silence, nature's melodies finally breathe through the violin.
03cce456-8367-4164-b026-07b777feb7b2	안토닌 드보르자크	Antonin Dvorak	gentle	musician	훌륭한 착상은 대단한 것이 아니다. 그것으로 위대한 것을 만드는 것이 진정한 예술이다	A great idea is nothing remarkable in itself. Making something great from it — that is true art.
6037e5d9-12a6-4b7d-962d-48f64a12fabe	안티스테네스	Antisthenes	composed	humanities_scholar	자기 자신과 사귀는 능력이 철학에서 얻은 것이다.	The virtue of being able to keep one's own company is what philosophy gives us.
1f5dd1eb-bc78-498b-9859-d9b4ef614250	알 가잘리	Al-Ghazali	humble	humanities_scholar	욕망은 왕을 노예로 만들고 인내는 노예를 왕으로 만든다	Desire makes kings into slaves, and patience makes slaves into kings.
dbdcf637-9702-4f7b-ba3b-a12b497bf389	알 카밀	Al-Kamil	gentle	politician	칼 없이 얻은 성지가 더 오래 남는다	A holy land won without swords endures longer.
a0000001-000a-4000-8000-00000000000a	알렉산더 폰 훔볼트	Alexander von Humboldt	bold	scientist	자연에서 가장 위험한 세계관은 아직 세계를 보지 못한 사람의 것이다	The most dangerous worldview is the worldview of those who have not viewed the world.
3e61fd0c-fe22-407a-a399-1cb82bb24656	알렉산더 해밀턴	Alexander Hamilton	composed	politician	인간이 천사라면 정부는 필요하지 않을 것이다.	If men were angels, no government would be necessary.
34fec9ee-ad1c-4ecf-8619-72a14e602b6e	알렉산드르 스크랴빈	Alexander Scriabin	bold	musician	나는 신이 되기 위해 왔다.	I have come to be God.
091debb2-b3cc-44ca-8aad-dbd2af9f6bc9	알렉산드르 푸시킨	Alexander Pushkin	free	author	우리를 기만하는 환상이 수만 가지 진실보다 소중하다	The illusions that deceive us are more precious than ten thousand truths.
18fcfa6a-0131-4f4e-9f0b-118746d70f0c	알렉상드르 뒤마	Alexandre Dumas	bold	author	나의 아버지는 혼혈이고, 할아버지는 흑인이었다	My father was a mulatto, my grandfather was a Black man.
7351102a-b4c7-4f53-aa65-a9d215e6b00e	알렉시 드 토크빌	Alexis de Tocqueville	composed	social_scientist	자유는 도덕 없이 존재할 수 없고, 도덕은 신앙 없이 존재할 수 없다.	Liberty cannot be established without morality, nor morality without faith.
0cdbe796-f998-44ed-9cee-f02c8c221526	알버트 아인슈타인	Albert Einstein	free	scientist	상상력은 지식보다 중요하죠.	Imagination is more important than knowledge.
afef3947-038b-4ee4-a3a8-112d0f795ce4	알베르투스 마그누스	Albertus Magnus	composed	humanities_scholar	자연과학은 타인의 말을 추인하는 것이 아니라 현상의 원인을 탐구하는 것이다	Natural science is not simply to accept the words of others, but to inquire into the causes of phenomena.
545ebb2d-4d88-468d-8d64-811147221853	알키비아데스	Alcibiades	bold	commander	나를 배신한 아테네가 나 없이 어떻게 승리할 수 있는지 똑똑히 지켜보아라.	Watch closely how Athens, having betrayed me, expects to win without me.
5affc121-23f9-4ecd-817f-15db8e983c12	알프레드 노벨	Alfred Nobel	bold	scientist	나의 다이너마이트는 천 번의 회의보다 더 빨리 평화를 이끌어낼 것이다.	My dynamite will sooner lead to peace than a thousand world conventions.
dda6934e-9707-4e4a-8773-0815c5afbaa6	알프레드 히치콕	Alfred Hitchcock	free	director	영화란 지루한 부분을 잘라낸 인생이지요.	Drama is life with the dull bits cut out.
4003c453-9f1b-42b3-906c-46bca78095f9	앙리 마티스	Henri Matisse	gentle	visual_artist	창조성은 용기를 필요로 해요.	Creativity takes courage.
43d7851a-1cf0-4b4c-b24e-b5ef2d90360d	애거서 크리스티	Agatha Christie	composed	author	불가능해 보이는 것은 대개 가능한 것으로 밝혀진다.	What seems impossible often turns out to be possible.
6611cf33-4898-4291-807d-59be6ef3f3d7	앤드류 카네기	Andrew Carnegie	bold	entrepreneur	부자로 죽는 것은 수치다.	The man who dies thus rich dies disgraced.
dff09d95-58cf-4e17-a3c7-321ee87cf0e0	얀 후스	Jan Hus	bold	leader	진리를 탐구하라, 진리에 귀 기울이라, 진리를 사랑하라	Seek the truth, listen to the truth, learn the truth, love the truth.
0735ff7f-dedd-470d-a028-2de8914e2dcd	어니스트 헤밍웨이	Ernest Hemingway	bold	author	글은 빙산의 원칙으로 써야 한다. 보이는 것은 8분의 1뿐이다.	Write with integrity. The dignity of movement of an iceberg is due to only one-eighth of it being above water.
100309ee-0a3c-42ef-961e-83cdec08cf76	어윈 슈뢰딩거	Erwin Schrodinger	composed	scientist	의식은 물리적 용어로 설명될 수 없다. 의식은 절대적으로 근본적이다.	Consciousness cannot be described in physical terms. It is absolutely fundamental.
42f21a02-7b8b-4c94-94f2-8652fdbac663	에니드 블라이튼	Enid Blyton	gentle	author	아이들을 위해 쓰는 것은 그 자체로 예술이에요	Writing for children is an art in itself.
9b500f7d-08b3-45e6-bcab-3ed961e7b57d	에드거 앨런 포	Edgar Allan Poe	composed	author	시는 나에게 목적이 아니라 열정이었다	Poetry was not a purpose, but a passion with me.
21cd7976-b432-4710-a97b-d97e00e11078	에드먼드 버크	Edmund Burke	composed	humanities_scholar	나쁜 사람들은 선한 사람들이 그저 지켜보기만 해도 목적을 이룬다.	The only thing necessary for the triumph of evil is for good men to do nothing.
a74c14e2-869a-4969-9ffe-a11028d9f65b	에드바르트 뭉크	Edvard Munch	gentle	visual_artist	나는 살아있는 자들의 비명을 그렸다.	I painted the screaming of the living.
a4b392de-7f0d-4205-bfa4-a6f5dfd46167	에드워드 호퍼	Edward Hopper	composed	visual_artist	예술은 내면적 삶의 외적 표현이다.	Art is the outer expression of an inner life.
cfb79d0d-5dd3-4596-97dd-70a81fea0eee	에드윈 허블	Edwin Hubble	composed	scientist	인간은 오감으로 우주를 탐험하고 그것을 과학이라 부른다.	Equipped with his five senses, man explores the universe around him and calls the adventure Science.
16320a5c-b172-4859-9818-9f6bebcacfaf	에라토스테네스	Eratosthenes	composed	scientist	그림자의 각도만으로도 이 거대한 세계의 크기를 가늠할 수 있을 따름이다.	Using only the angle of a shadow, one can measure the vastness of this world.
d4a54f96-11e1-4cfb-88da-801efb6c3522	에르네스트 러더퍼드	Ernest Rutherford	bold	scientist	모든 과학은 물리학이거나 우표 수집이다.	All science is either physics or stamp collecting.
2c3bbf31-3419-4edc-aca3-77570c7a1a07	에르빈 롬멜	Erwin Rommel	loyal	commander	땀은 피를 아낀다.	Sweat saves blood.
bf8e7070-f2f6-4089-823e-2b4697cfe961	에밀 갈루아	Evariste Galois	free	scientist	내겐 시간이 없죠.	I have no time.
a0000001-0006-4000-8000-000000000006	에밀 졸라	Emile Zola	bold	author	진실은 전진하고 있으며, 아무것도 그것을 막을 수 없다	La vérité est en marche, et rien ne l'arrêtera.
d13f5777-ce95-42b2-b39c-755e448c7aa9	에밀리 디킨슨	Emily Dickinson	gentle	author	영혼은 자신의 사회를 선택해요.	The soul selects her own society.
b37e37db-635f-49c2-a500-ca904382aa6c	에밀리 브론테	Emily Bronte	bold	author	내 영혼은 겁쟁이가 아니기에 폭풍이 몰아치는 영역에서 떨지 않는다.	My soul is not a coward and will not tremble in a realm where the storm is howling.
d8af07ab-1350-4e10-a739-c1d19d615332	에우리피데스	Euripides	composed	author	사랑에 미친 자의 지혜에 의지하지 말라	Distrust the man whose love is mad.
8f7e9a9d-81ec-4839-8fde-45a752765541	에이다 러브레이스	Ada Lovelace	composed	scientist	해석기관은 우리가 명령하는 모든 것을 수행할 수 있다.	The Analytical Engine can do whatever we know how to order it to perform.
57b1cb45-79bb-4171-ad58-e714a89c6b2f	에피쿠로스	Epicurus	gentle	humanities_scholar	죽음은 우리에게 아무것도 아니다	Death is nothing to us.
b7b65260-f453-4e89-9545-d4472a022745	엑토르 베를리오즈	Hector Berlioz	free	musician	시간은 위대한 스승이지만 불행히도 모든 학생을 죽인다.	Time is a great teacher, but unfortunately it kills all its pupils.
926b75c9-564a-43ea-9caf-f555b39a04a7	엔헤두안나	Enheduanna	bold	author	아무도 만들지 못한 것을 내가 만들었다	Something has been created that no one had created before.
1f02850f-113b-400c-a49d-745d7df9e98a	엘 시드	El Cid	bold	commander	명예를 잃는 것보다 죽음을 택하겠다.	I would choose death over losing my honor.
9ca52951-66f7-464d-8c83-7214f654542e	엘레오노르 다키텐	Eleanor of Aquitaine	bold	politician	두 명의 왕을 남편으로, 두 명의 왕을 아들로 두었으니 역사는 나의 치마폭에서 쓰인다.	With two kings as husbands and two kings as sons, history is written from the folds of my skirt.
1edab93b-6066-4fc1-a407-ed1f8550ecb4	엘리자베스 1세	Elizabeth I	composed	politician	나는 약한 여성의 몸을 지녔지만, 왕의 심장과 용기를 가졌다.	I know I have the body of a weak and feeble woman, but I have the heart and stomach of a king.
c42e3822-dfdc-4950-884e-6ca0d472541c	여몽	Lü Meng	loyal	commander	학문을 닦으면 누구나 큰 인물이 될 수 있겠습니다.	Anyone who dedicates themselves to learning can become a great person.
5d9279ba-ddc7-4c0b-8c6c-b2a1ad1f0326	엽문	Ip Man	humble	athlete	최선의 것은 싸우지 않는 것입니다	The best thing is not to fight.
880e54a4-b3ef-41bf-825c-e105bafb74b9	예수	Jesus	humble	leader	네 이웃을 네 자신과 같이 사랑하라.	Love your neighbor as yourself.
6f1c0702-3800-4fbb-86e1-6c839baa3055	예카테리나 2세	Catherine the Great	composed	politician	나는 칭찬과 보상은 크게 하고, 비난은 조용히 한다.	I praise loudly and blame softly.
a26f7451-aea0-4206-a899-b95f62a6d5fc	오귀스트 로댕	Auguste Rodin	bold	visual_artist	나는 아무것도 발명하지 않는다, 재발견할 뿐이다	I invent nothing. I rediscover.
ed6a1d9a-aaca-4feb-a47c-ddf8f4725652	오기	Wu Qi	loyal	commander	병법의 도는 먼저 인의를 밝히는 것입니다.	The way of military strategy is first to illuminate benevolence and righteousness.
5c176144-8e4e-48fa-bb9b-7bab5af1ae1f	오노레 드 발자크	Honore de Balzac	bold	author	거대한 재산 뒤에는 거대한 범죄가 있다	Behind every great fortune lies a great crime.
5f8fd431-e150-43c9-85bf-08f360da48cb	오다 노부나가	Oda Nobunaga	bold	commander	무력으로 천하를 다스린다.	Rule the realm by force of arms.
62e506a9-af78-4f82-ba62-3ff6f05857f3	오리게네스	Origen	composed	humanities_scholar	선과 악을 선택할 수 있는 힘은 모든 이에게 있다	The power to choose between good and evil belongs to every person.
9e91ea81-55ec-40b9-a8ba-54a72539e615	오마르 하이얌	Omar Khayyam	free	scientist	나는 포도주 한 잔, 시 한 편, 그리고 그대만 있으면 족하죠.	A jug of wine, a loaf of bread — and thou beside me in the wilderness.
53ef5fe2-5338-4975-b833-60d852f6bf78	오비디우스	Publius Ovidius Naso	bold	author	사랑은 전쟁이다. 겁쟁이들은 물러나라.	Love is a kind of warfare. Cowards, stand aside.
f860c2b6-99d8-4ff3-8314-2f358d20b6fb	오토 폰 비스마르크	Otto von Bismarck	bold	politician	중대한 문제는 연설과 다수결이 아니라 피와 철로 해결된다.	The great questions of the time will not be resolved by speeches and majority decisions but by iron and blood.
96d47a5d-23ab-4118-94ef-202dc805e3b4	올리버 크롬웰	Oliver Cromwell	bold	commander	그대에게 간청하노니, 그대가 틀릴 수도 있다고 생각하라	I beseech you, in the bowels of Christ, think it possible you may be mistaken.
336571d6-be4e-4837-94ae-966128787ae5	왕안석	Wang Anshi	bold	politician	천하의 힘으로 천하를 다스린다.	Govern all under heaven with the strength of all under heaven.
a7f3c891-2d48-4b5e-9f12-8e6d3a1bc047	왕양명	Wang Yangming	composed	politician	지식과 행동은 하나다.	Knowledge and action are one.
a0000001-000c-4000-8000-00000000000c	외젠 들라크루아	Eugene Delacroix	bold	visual_artist	자연은 사전일 뿐이다. 거기서 단어를 찾되, 문장은 스스로 만들어야 한다	Nature is but a dictionary. Find the words there, but build the sentences yourself.
3744e0c0-fce9-4071-8c0e-455b7860cee3	요제프 하이든	Joseph Haydn	gentle	musician	주변에 아무도 없었기에 나는 독창적이 될 수밖에 없었다	Since no one was around me, I had no choice but to become original.
05491d00-8e4a-4e48-aa35-8f9e9f8faee3	요하네스 브람스	Johannes Brahms	composed	musician	자유롭되 행복하게.	Free, but happy.
94b8b4f1-2303-4388-b457-b46c01032c02	요하네스 케플러	Johannes Kepler	humble	scientist	나는 하늘을 측량했다. 이제는 땅의 그림자를 측량한다.	I measured the skies. Now I measure the shadows of earth.
3e049605-4c31-439e-8d84-fc4aa45d1b5a	요한 구텐베르크	Johannes Gutenberg	composed	entrepreneur	이것은 진리가 흘러나오는 샘이 될 것이다. 새 별처럼 무지의 어둠을 몰아내리라	This will be a wellspring of truth. Like a new star, it will dispel the darkness of ignorance.
166be8ad-88a9-4164-8585-3de4324454db	요한 제바스티안 바흐	Johann Sebastian Bach	humble	musician	음악의 목적은 신의 영광과 영혼의 위안 외에 없다.	The aim of music is the glory of God and the refreshment of the soul.
de63016f-6f0b-4959-84bd-dfc05ad3097f	우타가와 히로시게	Utagawa Hiroshige	gentle	visual_artist	소나기 내리는 다리와 붉게 물든 강변, 길 위의 덧없는 찰나들은 목판 위에서 비로소 영원해지죠.	A bridge in the rain and a red riverbank; life's fleeting moments on the road finally become eternal on the woodblock.
54c985ab-6d6a-4aed-b19d-439f30d187cf	원효	Wonhyo	gentle	leader	모든 것은 마음이 지어낸 것이다	All things are created by the mind.
b8483d45-c5b6-4807-ae2c-354c3b3ee0e9	월트 휘트먼	Walt Whitman	free	author	나는 나를 모순되게 하는가? 좋다, 나는 다중을 품고 있다	Do I contradict myself? Very well then I contradict myself. I am large, I contain multitudes.
7ee78251-5657-4333-9778-857076d297e8	윈스턴 처칠	Winston Churchill	bold	politician	나는 피와 수고와 눈물과 땀 외에는 아무것도 약속할 수 없다.	I have nothing to offer but blood, toil, tears, and sweat.
b2622bea-8e55-49ec-80de-ec54c320b50f	윌리엄 마셜	William Marshal	loyal	commander	단 한 번도 신앙을 부끄럽게 여긴 적이 없다. 나는 단지 용서를 구하는 회개자일 뿐이다	I have never been ashamed of my faith. I am merely a repentant sinner seeking forgiveness.
d2d2d21b-0dd6-414f-9340-9deb18ec6399	윌리엄 셰익스피어	William Shakespeare	free	author	세상 전체가 무대이고, 모든 남녀는 배우지요.	All the world's a stage, and all the men and women merely players.
5cc52c27-bc66-44c5-a0b6-7694c645b3a1	윌리엄 하비	William Harvey	composed	scientist	모든 동물은 알에서 생겨난다.	All animals are born from eggs.
538b4e14-193a-4030-bf87-72e52d287cab	유길준	Yu Gil-jun	composed	humanities_scholar	개화란 인간의 온갖 사물이 지극히 선하고 아름다운 경지에 이르는 것이다	Enlightenment is the state in which all human affairs reach the highest level of goodness and beauty.
1db274a2-a28a-4544-addb-d563ce02a07d	유비	Liu Bei	humble	commander	백성을 하늘같이 여기는 자만이 천하를 얻을 수 있다.	Only one who regards the people as heaven can win the realm.
1a0892ae-db6b-4392-8f0a-23b1edb883da	유성룡	Ryu Seong-ryong	loyal	humanities_scholar	지난날의 잘못을 징계하여 후환을 경계하겠다.	I will take heed of past mistakes to guard against future troubles.
49e96880-e656-4133-82ec-2fc43d480d3b	유일한	Yuhan Yang	humble	entrepreneur	기업에서 얻은 이윤은 그 기업을 키워 준 사회에 환원하여야 한다.	Profits earned from a business must be returned to the society that nurtured it.
e58023e5-f59d-453e-8451-b72a5924a0a6	유철	Emperor Wu of Han	bold	commander	짐이 백성을 괴롭혔으니 후회막급이다	I have behaved recklessly and made life miserable for the people.
fc36df01-f3e3-4cf3-9720-7d0acc8a1127	유클리드	Euclid	composed	scientist	기하학에는 왕도가 없다.	There is no royal road to geometry.
a3caa096-2e29-40e4-ab12-7a622d7eaaa3	율리시스 그랜트	Ulysses S. Grant	bold	commander	전쟁의 기술은 간단하다. 적을 찾아내 최대한 빨리 강타하라.	The art of war is simple enough. Find the enemy, hit him as hard as you can, and keep moving on.
597d8634-4b7e-40d5-82d5-ca8a5a2aa65a	율리우스 카이사르	Julius Caesar	bold	politician	주사위는 던져졌다.	The die is cast.
7aa6e164-74d1-4e47-a96d-9bfcd9dc4101	의천	Uicheon	composed	leader	경전만 읽는 자는 반쪽 수행자다	One who only reads scripture is half a practitioner.
c2796ace-18f9-478d-a8d1-4e3597413546	이고르 스트라빈스키	Igor Stravinsky	composed	musician	나는 평생 음악을 한 소절도 이해하지 못했지만, 느꼈다.	I have never understood a single note of music in my entire life, but I have felt it.
f25e7b6b-154c-4737-8cd6-f965cd7b4195	이규보	Yi Gyu-bo	bold	author	우리나라가 본래 성인이 이룩한 나라임을 천하에 알리고자 한다	I wished to make known to the world that our nation was originally founded by a sage.
7aed913a-4772-4493-9fa9-8366eec31fb4	이덕무	Lee Deok-mu	composed	humanities_scholar	오로지 책 보는 것만 즐거움으로 여겨, 춥거나 덥거나 알지를 못하였다.	I found pleasure only in reading books, unmindful of cold or heat.
a0000001-0004-4000-8000-000000000004	이반 투르게네프	Ivan Turgenev	gentle	author	자연은 신전이 아니라 작업장이며, 인간은 그 안의 일꾼이다	Nature is not a temple but a workshop, and man is the workman in it.
38787e0a-37fb-48f8-8635-fddcefff60b7	이븐 루시드	Ibn Rushd	composed	humanities_scholar	신은 이성을 주시고, 이성에 모순되는 율법을 내리지 않으신다	God gave us reason, and has not sent a law that contradicts reason.
89c0e7a8-1eae-43ec-beb4-c8ff1eff5728	이븐 할둔	Ibn Khaldun	composed	social_scientist	역사는 반복되는 패턴 속에 문명의 흥망성쇠를 담고 있다.	History contains the rise and fall of civilizations in repeating patterns.
423d3a24-5a11-4b7d-9388-c8ccbdc3cb2e	이사도라 덩컨	Isadora Duncan	free	influencer	말로 표현할 수 있었다면 굳이 춤출 이유가 없었을 것이다	If I could tell you what it meant, there would be no point in dancing it
18b24b99-52f2-46f3-a13b-7fea09fdf59d	이사벨 1세	Isabella I	bold	politician	이베리아에 이교도의 흔적을 지워내고, 신대륙 너머까지 위대한 카스티야의 깃발을 꽂아라.	Erase the traces of heathens in Iberia, and plant the grand flag of Castile beyond the New World.
3e495120-cb95-4d2a-ac5c-aa48d178261f	이성계	Yi Seong-gye	bold	commander	썩어빠진 고려의 산천을 활시위 하나로 갈아엎어, 만백성이 평안한 새 나라를 세우겠다.	I will overturn the corrupt mountains and rivers of Goryeo with a single bowstring, establishing a peaceful new nation.
30333d9d-2b2a-432f-afd8-5c18d8a03e02	이승만	Syngman Rhee	bold	politician	뭉치면 살고 흩어지면 죽는다.	United we stand, divided we fall.
3dba16e3-4b11-499e-8d77-9cfc4cc3bf3e	이오시프 스탈린	Joseph Stalin	bold	politician	교육은 누가 쥐느냐에 따라 효과가 달라지는 무기다.	Education is a weapon whose effect depends on who holds it in his hands.
336a73f5-7bd6-43d5-830a-39ec6c86e9eb	이이	Yi I	composed	humanities_scholar	나라를 다스리는 도리는 백성을 부유하게 하는 것보다 더 큰 것이 없다.	There is nothing greater in governing a nation than making its people prosperous.
05f1b255-75b9-48f0-b2a5-8be36354d123	이청조	Li Qingzhao	gentle	author	살아서는 인걸이 되어야 하고 죽어서는 귀웅이 되어야 한다	In life one should be a hero among men; in death, a spirit among heroes.
a0000001-0001-4000-8000-000000000001	이탁오	Li Zhi	bold	humanities_scholar	천하에 도가 있으면 나서고, 없으면 물러날 뿐이다	When the realm has the Way, step forward; when it does not, step back.
24d0d291-37bf-45ef-912c-55689f8c91c1	이토 히로부미	Ito Hirobumi	composed	politician	국가의 기초는 교육에 있다.	The foundation of a nation lies in education.
bfb68b20-0969-4677-a14b-4a0efd6964a1	이황	Yi Hwang	humble	humanities_scholar	학문은 자신을 위한 것이요, 벼슬은 백성을 위한 것이다.	Learning is for oneself; serving in office is for the people.
fba8df3b-3213-4094-865e-a61ffaf579fc	일연	Iryeon	humble	humanities_scholar	삼국의 시조가 신이한 데서 나왔음을 어찌 괴이하다 하겠는가	How can we call it strange that the founders of the Three Kingdoms arose from the divine
18fd7e91-6324-4ae6-9e64-2eedf8541df5	임마누엘 칸트	Immanuel Kant	composed	humanities_scholar	네 의지의 준칙이 언제나 동시에 보편적 입법의 원리가 될 수 있도록 행위해야 한다.	Act only according to that maxim whereby you can at the same time will that it should become a universal law.
8a2f837f-998f-42aa-9669-0ceb817105f4	자와할랄 네루	Jawaharlal Nehru	composed	politician	시간은 흐른 세월이 아니라, 행동하고 느끼고 성취한 것으로 측정된다.	Time is not measured by the passing of years but by what one does, what one feels, and what one achieves.
b713216d-d931-47e1-819b-051bf8f92773	자코모 푸치니	Giacomo Puccini	gentle	musician	영감이란 인간의 모든 능력이 깨어나는 것이다	Inspiration is the awakening of all human faculties.
bfb9b814-6f89-4d94-a80d-78b392117ea8	자크루이 다비드	Jacques-Louis David	bold	visual_artist	생각에 완벽한 형태를 부여하는 것, 이것만이 예술가의 일이다	To give perfect form to one's thought — this alone is the artist's work.
afd58ef3-cafa-488b-a7c4-3e3cf19adcae	자한기르	Jahangir	gentle	politician	억울한 자는 이 사슬을 흔들라, 내가 반드시 정의를 베풀겠다	Let the oppressed shake this chain, and I shall dispense justice to them
fd5daae5-abd8-421a-9164-7ac995796a76	잘랄 앗딘 무함마드 루미	Jalal ad-Din Muhammad Rumi	free	author	그대가 찾는 것도 그대를 찾고 있지요.	What you seek is also seeking you.
2bdd190c-9247-40b3-9012-3fe04dd7d227	장 드 묑	Jean de Meun	composed	author	지상의 욕망과 이성이 뒤틀린 시대, 오직 장미의 참뜻만이 인간의 어리석음을 비출 뿐이다.	In an era of twisted desires and reason, only the true meaning of the rose simply illuminates human folly.
9f4e899c-e616-4a2c-890e-9442d6502b84	장 자크 루소	Jean-Jacques Rousseau	free	humanities_scholar	인간은 자유롭게 태어났으나 어디서나 사슬에 묶여 있지요.	Man is born free, and everywhere he is in chains.
7115ae23-457b-45a3-8d7b-03d4993e4c77	장 칼뱅	John Calvin	composed	humanities_scholar	신의 영광만이 우리 삶의 목적이다.	The glory of God alone is the purpose of our lives.
028057ac-07a9-41ad-88d4-f915d5f30f66	장량	Zhang Liang	composed	politician	인간사를 버리고 적송자(赤松子)를 따르겠다.	I shall leave human affairs and follow Chi-song Tzu.
028c3a34-a9e4-4b4e-a8b8-8d296a9c0df7	장자	Zhuangzi	free	humanities_scholar	내가 나비인지, 나비가 나인지 알 수 없지요.	I do not know whether I am a man who dreamt I was a butterfly, or a butterfly now dreaming I am a man.
9b03742a-c69e-465f-a665-b473adb378dd	장춘 구처기	Qiu Chuji	humble	leader	백성을 아끼고 살생을 금하라	Cherish the people and forbid killing.
0be8a183-a400-4cd9-b2a9-27487129e0bf	전봉준	Jeon Bong-jun	bold	politician	백성은 나라의 근본이니 근본이 흔들리면 나라가 망한다	The people are the foundation of the nation; if the foundation wavers, the nation falls.
77aec04a-7f3a-4671-b1c1-dbdb62547bfa	정도전	Jeong Do-jeon	bold	politician	백성은 국가의 근본이며 임금의 하늘이다	The people are the foundation of the state and the heaven of the king.
55db7444-083a-4ec3-8595-25dd0940f014	정몽주	Jeong Mong-ju	loyal	politician	이 몸이 죽고 죽어 일백 번 고쳐 죽어, 님 향한 일편단심이야 가실 줄이 있으랴	Though this body dies and dies and dies a hundred deaths, my heart devoted to you shall never fade away.
63777569-1e0a-442d-bec5-fcd39397ad17	정약용	Jeong Yak-yong	composed	humanities_scholar	백성을 다스리는 목민관은 청렴을 으뜸으로 삼아야 한다.	A magistrate governing the people must above all else put incorruptibility first.
47e61b7d-55ba-4172-8640-6c1844b6a497	정조	King Jeongjo	composed	politician	정성이 지극하면 하늘도 감동한다.	If sincerity is extreme, even heaven is moved.
61cc2528-f790-4af5-a2d4-bdba454fcf9f	제르만 드 스탈	Germaine de Stael	composed	author	인간의 완성은 느낌과 생각이 서로 부합하는 것이다.	The perfection of a human being is when feeling and thought are in harmony.
74bfe761-1926-42c4-9747-d4bbc5790e45	제아미	Zeami	composed	author	초심을 잊지 말라	Do not forget the mind of the beginner.
584d5888-f05a-4427-981f-467762610c11	제인 오스틴	Jane Austen	free	author	나는 스스로가 되는 걸 두려워하지 않는다.	I do not want people to be very agreeable, as it saves me the trouble of liking them a great deal.
b650f46e-4e82-4e15-9cd0-d20f25478af8	제임스 매디슨	James Madison	composed	politician	지식이 무지를 영원히 지배할 것이다.	Knowledge will forever govern ignorance.
1f9a8e40-3e54-4548-93dc-d7c3f6b54497	제임스 와트	James Watt	composed	scientist	나는 이 기계 외에 아무것도 생각할 수 없다.	I can think of nothing else but this machine.
1c561714-3504-4bed-a5fc-a60a711a8094	제임스 클러크 맥스웰	James Clerk Maxwell	composed	scientist	철저한 무지의 자각이 모든 과학 발전의 서곡이다	Thoroughly conscious ignorance is the prelude to every real advance in science.
79cbea4b-b8df-4fdd-8437-cf9717108d25	조반니 보카치오	Giovanni Boccaccio	free	author	글 쓰는 일이란 밤을 새우며 정신의 힘을 다해 탐구하는 일이다.	Writing is staying up all night and exploring with all the power of the mind.
5f7c474c-b27d-4a84-84cc-e3e56e5bac6d	조조	Cao Cao	free	commander	내가 천하를 저버릴지언정 천하가 나를 저버리게 하지는 않겠다.	I would rather betray the world than let the world betray me.
36094975-c6a7-4c46-96ee-860441d73506	조지 부울	George Boole	composed	scientist	수학적 진리는 아름답지 않다면 완전하다고 볼 수 없다.	Mathematical truth cannot be considered complete unless it is beautiful.
e49137a9-eddf-473d-8b45-70f8105ad15c	조지 엘리엇	George Eliot	composed	author	지금이라도 되고 싶은 사람이 되기에 너무 늦지 않았다.	It is never too late to be what you might have been.
2804c477-6e94-467a-b066-6ae436e7c48a	조지 워싱턴	George Washington	loyal	commander	모든 국가에 대하여 성실함과 정의를 지켜라.	Observe good faith and justice toward all nations.
fb13af45-49c5-44a7-90bf-ef39851fd67a	조지 패튼	George S. Patton	bold	commander	용감한 자는 단 한 번 죽고, 겁쟁이는 수천 번 죽는다.	The courageous man dies once; the coward dies a thousand times.
e87c1a55-a21a-4f59-b6ce-dade33298a30	조토 디 본도네	Giotto di Bondone	composed	visual_artist	모든 그림은 성스러운 항구로의 항해다	Every painting is a voyage toward a sacred harbor.
987bdb98-e1fa-43f4-8190-054bc548f081	존 D. 록펠러	John D. Rockefeller	composed	entrepreneur	부를 얻는 능력은 신의 선물이다.	The ability to make money is a gift from God.
5be9a6d0-4b34-4090-a62d-da239d4b406a	존 돌턴	John Dalton	composed	scientist	과학에서 공로는 아이디어를 먼저 떠올린 자가 아니라 세상을 설득한 자에게 돌아간다.	In science, credit goes not to the man who first sees a new thing, but to the man who convinces the world.
7c518c74-4a03-495a-9971-117daf10efb8	존 로크	John Locke	composed	humanities_scholar	법이 없는 곳에는 자유도 없다.	Where there is no law, there is no freedom.
aec2d2aa-bc17-432a-8a79-a7176b6056e8	존 메이너드 케인스	John Maynard Keynes	composed	social_scientist	장기적으로 보면 우리는 모두 죽는다.	In the long run, we are all dead.
0716385d-f4c7-4c2b-a109-d321abd0382c	존 밀턴	John Milton	bold	author	양심에 따라 자유롭게 알고, 말하고, 논쟁할 자유를 달라.	Give me the liberty to know, to utter, and to argue freely according to conscience.
8cb3438a-661d-41da-9af6-2a1ff9302092	존 스튜어트 밀	John Stuart Mill	composed	humanities_scholar	배부른 돼지가 되기보다 배고픈 소크라테스가 되는 것이 낫다.	It is better to be Socrates dissatisfied than a fool satisfied.
a56d6eec-be7d-45b4-8975-e1b2bd085594	존 애덤스	John Adams	composed	politician	사실은 완고한 것이다.	Facts are stubborn things.
91490299-3bcc-4362-88bc-a27e759cafc6	존 제이	John Jay	composed	politician	정의 없이는 어떤 정부도 오래 지속될 수 없다.	No government can last long without justice.
873236c8-ec6d-4064-a6ab-ced908002861	주세페 가리발디	Giuseppe Garibaldi	bold	commander	나는 급료도 숙소도 식량도 제공하지 않는다. 조국을 사랑하는 자만 나를 따르라	I offer neither pay, nor quarters, nor provisions. I offer hunger, thirst, forced marches, battles and death. Let him who loves his country in his heart follow me.
35bc61bb-f86c-41dd-bd2c-1e59cad957b6	주세페 베르디	Giuseppe Verdi	bold	musician	진실을 복사하는 것도 좋지만 진실을 발명하는 것이 더 좋다	Copying truth is good, but inventing truth is better.
29fde7be-02fd-4bfb-91f2-941179747566	주원장	Zhu Yuanzhang	bold	commander	짐은 포의에서 일어나 천하를 얻었다.	I rose from humble cloth and won all under heaven.
b8c2d865-b6c4-429d-8713-0175e316a8a2	주희	Zhu Xi	composed	humanities_scholar	널리 배우고, 자세히 묻고, 신중히 생각하고, 밝게 분별하고, 독실하게 행하라.	Learn broadly, ask carefully, think prudently, distinguish clearly, and practice faithfully.
9bd7aa63-0735-41c1-9db7-5a59a89518ec	진시황	Qin Shi Huang	bold	politician	짐은 최초의 황제이고 짐의 후손들은 2세, 3세로 불릴 것이다.	I am the First Emperor, and my successors shall be called the Second and Third.
38450700-d87a-4185-9f2b-f77481ca911e	찬드라굽타 마우리아	Chandragupta Maurya	bold	commander	제국을 세운 손으로 탁발 그릇을 든다	The hands that built an empire now hold a begging bowl.
d5c685ba-8fd1-4477-9544-f0911efc6627	찰리 채플린	Charlie Chaplin	free	actor	인생은 가까이서 보면 비극이지만, 멀리서 보면 희극이다.	Life is a tragedy when seen in close-up, but a comedy in long-shot.
018c486d-5497-4ad0-aad0-ad60973c6f52	찰스 다윈	Charles Darwin	composed	scientist	살아남는 종은 가장 강한 종도, 가장 지적인 종도 아니라 변화에 가장 잘 적응하는 종이다.	It is not the strongest species that survives, but the most adaptable.
82e344e9-195a-431e-8330-3d49bb2e3655	찰스 디킨스	Charles Dickens	gentle	author	인생에서 가장 좋은 것은 앞에 있다.	The best of life is yet to come.
76ea42d9-d685-4b53-a99e-408280733d08	채염	Cai Wenji	gentle	author	고향을 잃고 떠도는 슬픔은 피리 소리에 담아 달빛에 띄워 보낼 뿐이죠.	The sorrow of wandering far from home, I simply pour into my flute and send it with the moonlight.
c5030830-8cda-4585-8608-72b0d469d872	척계광	Qi Jiguang	loyal	commander	봉후는 내 뜻이 아니니, 다만 바다가 잔잔하기를 바랄 뿐이다	Enfeoffment was never my ambition — I only wished the seas would be at peace.
003d0658-ff31-4b68-b624-4bd41c9f5853	카라바조	Caravaggio	bold	visual_artist	자연에서 그리지 않은 모든 작품은 하찮은 장난에 불과하다	All works not painted from nature are trifling.
ccc198dd-8ab9-40b5-b252-a588ad310372	카를 12세	Charles XII	bold	commander	나는 불의한 전쟁을 시작하지 않겠지만, 정당한 전쟁은 적을 무찌를 때까지 끝내지 않겠다.	I will never start an unjust war, but a just war I will not end until the enemy is defeated.
bd767625-b7e2-4512-9f9c-ae180a99aea0	카를 란트슈타이너	Karl Landsteiner	composed	scientist	이것이 인류에게 도움이 되기를 바란다.	I hope this will be of benefit to humanity.
bd9e42f1-7218-4d64-b77c-2444bb39dbef	카를 폰 클라우제비츠	Carl von Clausewitz	composed	commander	전쟁은 다른 수단에 의한 정치의 연속이다	War is the continuation of politics by other means.
c605fd74-c9a2-4eb6-baa1-be8bb18e60ba	카를 프리드리히 가우스	Carl Friedrich Gauss	composed	scientist	수학은 학문의 여왕이고, 정수론은 수학의 여왕이다.	Mathematics is the queen of sciences, and number theory is the queen of mathematics.
53c416ba-59e9-4c29-8011-003df939f6b3	카스파르 다비트 프리드리히	Caspar David Friedrich	composed	visual_artist	화가는 눈앞에 보이는 것만이 아니라 자기 안에 보이는 것도 그려야 한다	The painter should paint not only what he sees before him, but also what he sees within himself.
54c8dfd5-3861-4ceb-a604-66fd66f027f0	카우틸랴	Kautilya	composed	social_scientist	왕의 행복은 백성의 행복에 있다	The happiness of the king lies in the happiness of his subjects.
760da9cf-7708-472f-a08e-f5087fcc1637	칼 마르크스	Karl Marx	bold	social_scientist	만국의 노동자여, 단결하라!	Workers of the world, unite!
7987f8a6-ede3-4c6d-a4cd-eb69886e6345	코코 샤넬	Coco Chanel	bold	entrepreneur	패션은 변하지만 스타일은 남는다.	Fashion fades, only style remains the same.
652cd9a4-f2df-4ff9-a4d3-605ccdb411c0	콘스탄티누스 1세	Constantine I	bold	politician	이 징표 안에서 그대는 승리하리라.	In hoc signo vinces.
d6e578a1-de6a-4dd0-8f76-f8e7ef3f8e7a	쿠빌라이 칸	Kublai Khan	bold	politician	말 위에서 천하를 정복할 수 있지만, 말 위에서 천하를 다스릴 수는 없다.	You can conquer the empire on horseback, but you cannot govern it on horseback.
fc022b83-5cc1-4615-8611-6ad123ba0b71	쿠카이	Kukai	composed	leader	우주 만물에 붓다의 진리가 깃들어 있으니, 붓끝으로 그 오묘함을 그려낼 따름이다.	Since the Buddha's truth resides in all things of the universe, I aim to simply portray its profoundness through my brush.
e513e9fb-8d25-474a-a8d1-8645d3c9c7e4	퀸투스 호라티우스 플라쿠스	Quintus Horatius Flaccus	free	author	지금 이 순간을 즐겨라. 내일을 가능한 한 적게 믿어라.	Carpe diem, quam minimum credula postero.
368c8bc0-0e1e-441e-8240-3f957602accc	크리스토퍼 콜럼버스	Christopher Columbus	bold	commander	태양의 빛을 따라 우리는 구세계를 떠났다	Following the light of the sun, we left the Old World.
7ac5f093-7be2-4940-913b-9319275e09e9	크리스티나 여왕	Queen Christina	free	politician	의심할 용기가 없는 것은 믿을 자격도 없다	One who lacks the courage to doubt has no right to believe.
5e3456f5-6259-445e-9d12-484d0bce6ac8	크리스틴 드 피장	Christine de Pizan	bold	author	여성에게 배움이 적합하지 않다는 말은 남성에게 무지가 넘친다는 뜻이다	If it is true that learning is not suited to women, it means that ignorance abounds in men.
9fca796a-52f4-4540-b15b-f290e43b1357	크세노폰	Xenophon	bold	humanities_scholar	사람들은 종종 옳은 말을 하면서 잘못된 행동을 한다. 하지만 옳은 일을 하는 사람은 결코 잘못될 수 없다	People often say what is right and do what is wrong; but nobody can be in the wrong if he is doing what is right
99372d9f-4340-4fed-84d3-2d3f1baf174f	클라우디우스	Claudius	composed	politician	아는 것을 늘 말하지 말고, 말하는 것은 늘 알고 있어라	Do not always say what you know, but always know what you say.
75ab5c6f-d1c4-44a4-ae7c-23777bc83a84	클로드 드뷔시	Claude Debussy	free	musician	예술은 규칙을 만들고, 규칙이 예술을 만드는 건 아니다.	Art creates rules, but rules do not create art.
b270f565-8394-46d4-82ef-31b0a3e9d053	클로드 모네	Claude Monet	gentle	visual_artist	나는 자연을 그리는 게 아니라 자연 앞에서 느낀 감정을 그린다.	I paint not what I see, but what I felt at the sight of nature.
1dcffe2e-3baf-4798-b21f-8ed3b403d843	키루스 대왕	Cyrus the Great	bold	commander	자유, 존엄, 부는 인류의 가장 큰 행복이다	Liberty, dignity, and wealth are the greatest happiness of mankind.
def48a1c-e095-4f72-9efb-4cd3cca3f752	키케로	Cicero	composed	humanities_scholar	살아있는 한 희망은 있다.	Dum spiro, spero. (While I breathe, I hope.)
8efc134b-f5be-47b1-a619-930603cad841	탁문군	Zhuo Wenjun	gentle	author	머리가 하얗게 셀 때까지 함께하자는 약속은, 변치 않는 거문고 소리 같죠.	A promise to grow old together is like the unchanging sound of a zither.
57b6b335-6631-4a2a-aa3b-c07a855f47c4	테레사 데 아빌라	Teresa of Avila	humble	leader	아무것도 너를 흔들지 못하게 하라, 모든 것은 지나간다	Let nothing disturb you. Let nothing frighten you. All things pass away. God never changes.
6f929bc6-4d67-4264-b02e-f1768149ed0a	테르툴리아누스	Tertullian		humanities_scholar	순교자의 피는 교회의 씨앗이다	The blood of the martyrs is the seed of the Church.
99f417cc-b585-4157-923f-0bcc1ddac079	테미스토클레스	Themistocles	bold	commander	치는 법은 모르지만 작은 도시를 크게 만드는 법은 안다	I cannot play the lyre, but I know how to make a small city a great one.
d005f639-0d28-4f76-b716-22f892431093	토마스 모어	Thomas More	humble	politician	양심에 어긋나는 일은 법도 명령도 강제할 수 없다.	Neither law nor command can compel what goes against conscience.
1d1bf63f-1895-48d9-86a0-e19a3e5caecc	토마스 아 켐피스	Thomas a Kempis	humble	humanities_scholar	어디서나 평화를 구했으나 책이 있는 구석에서만 찾았다	I have sought peace everywhere, but found it only in a corner with a book.
35c86453-6345-43ee-9590-244535005cb1	토마스 아퀴나스	Thomas Aquinas	composed	humanities_scholar	신앙은 이성을 파괴하지 않고 완성한다.	Faith does not destroy reason but perfects it.
951cb78a-103e-4bfa-aa67-50518efb2698	토마스 홉스	Thomas Hobbes	composed	humanities_scholar	만인의 만인에 대한 투쟁.	The war of all against all.
1d790a9a-fce6-47a3-9124-c3bb4f2d19a2	토머스 에디슨	Thomas Edison	bold	entrepreneur	천재는 1%의 영감과 99%의 노력으로 이루어진다.	Genius is one percent inspiration and ninety-nine percent perspiration.
fd52863c-55bb-4c53-a82c-aff9e5f3b8bd	토머스 제퍼슨	Thomas Jefferson	composed	politician	정직은 지혜의 책에서 첫 번째 장이다.	Honesty is the first chapter in the book of wisdom.
30ff07cb-5679-4bb4-ba6b-9fa82586a74c	토머스 페인	Thomas Paine	bold	humanities_scholar	폭정에 굴복하는 것은 신에 대한 범죄다.	Submitting to tyranny is a crime against God.
a7ee257e-4457-477e-bb57-5daf84504445	투생 루베르튀르	Toussaint Louverture	bold	commander	나를 전복해도 자유의 나무는 뿌리째 뽑히지 않는다.	In overthrowing me, you have done no more than cut down the trunk of the tree of liberty.
2b98ba7b-6948-45ee-8832-60f49d4ccc27	투키디데스	Thucydides	composed	humanities_scholar	강자는 할 수 있는 것을 하고, 약자는 당해야 할 것을 당한다	The strong do what they can and the weak suffer what they must.
c037ca92-1b44-4e6f-b3f0-b3d03ad60338	티무르 베그 구르카니	Timur	bold	commander	힘은 정의다.	Might is justice.
3a6d4622-92da-45aa-816e-f0a8dfea76fd	티베리우스	Tiberius	composed	politician	좋은 목자는 양을 털깎이하지, 가죽을 벗기지 않는다	A good shepherd shears his sheep, he does not flay them.
e09c74d2-3289-44a3-b3f0-6334944f265f	티치아노 베첼리오	Tiziano Vecellio	gentle	visual_artist	좋은 화가에게는 검정, 흰색, 빨강 세 가지 색만 있으면 된다	A good painter needs only three colors: black, white, and red.
b985bf58-8537-4eac-8f83-f8fbeccfd6eb	티투스 리비우스	Livy	composed	humanities_scholar	로마의 찬란한 영광과 몰락의 역사를 기록하여 후세의 거울로 삼을 따름이다.	I simply record the glorious rise and tragic fall of Rome to serve as a mirror for posterity.
6b973e4b-78c8-4087-acfa-2f1d97f46e70	파블로 피카소	Pablo Picasso	bold	visual_artist	모든 창조 행위는 먼저 파괴 행위다.	Every act of creation is first an act of destruction.
71835369-8d23-490d-9c8c-79a02577344e	펄 벅	Pearl S. Buck	gentle	author	이 지상에 사랑이 없으면 공포만 있을 뿐이다.	Without love on earth, there is only terror.
74a05679-7333-490c-bdf9-a3f1354141c6	페르디난드 마젤란	Ferdinand Magellan	bold	commander	바다 너머에 무엇이 있는지, 직접 가서 확인하라.	Go and see for yourself what lies beyond the sea.
7a07bede-805e-4a57-a434-776bf7274b33	페리클레스	Pericles	composed	politician	정치에 무관심한 자는 이곳에 설 자리가 없다	A man who takes no interest in politics has no business being here at all.
a0000001-000d-4000-8000-00000000000d	페테르 파울 루벤스	Peter Paul Rubens	bold	visual_artist	나의 열정은 하늘에서 온다	My passion comes from heaven.
3056a6be-298f-445e-b53b-00e0a730e93a	펠릭스 멘델스존	Felix Mendelssohn	gentle	musician	음악은 말로 담기엔 너무 명확한 언어다.	Music is a language too precise for words.
60b59a7f-94de-4eb7-9264-52d6712d363b	포카혼타스	Pocahontas	gentle	influencer	당신을 아버지라 부르겠으니, 나를 딸이라 불러주시오	I will call you father, and you shall call me child
9b530545-ba5b-4242-9a4b-352a611332a2	폴 세잔	Paul Cezanne	composed	visual_artist	자연을 원통, 구, 원뿔로 다루라.	Treat nature in terms of the cylinder, the sphere, the cone.
2842f784-62df-41e9-952e-03c568014939	폴리비오스	Polybius	composed	humanities_scholar	역사에서 진실을 빼면 쓸모없는 이야기만 남는다	Take truth away from history, and all that remains is a useless tale.
a4cea3f1-814e-4b92-b71b-ac25e9cbc721	표도르 도스토옙스키	Fyodor Dostoevsky	free	author	아름다움이 세상을 구원할 것이다.	Beauty will save the world.
4a7e7298-7900-4916-b045-836efc894afa	표트르 대제	Peter the Great	bold	commander	나는 신민을 문명화했으나 자신은 정복하지 못했다	I have civilized my subjects yet I have not been able to civilize myself.
bd9724ef-3754-406d-8b31-e536aab539e2	표트르 차이콥스키	Pyotr Tchaikovsky	gentle	musician	영감은 손님이 아니라 매일 일하는 노동자다.	Inspiration is not a guest who comes to visit; it is a laborer who works every day.
728d234d-ba30-4dc1-b5c1-3a6fc2f79709	푸블리우스 베르길리우스 마로	Publius Vergilius Maro	gentle	author	사랑은 모든 것을 이기고, 우리도 사랑에 굴복하자.	Love conquers all; let us yield to love.
a0000001-0002-4000-8000-000000000002	풍몽룡	Feng Menglong	composed	author	정이란 천지만물의 근본이다	Emotion is the root of all things between heaven and earth.
b63b6478-d650-4902-8579-97a516eb9ac4	프란시스 베이컨	Francis Bacon	composed	humanities_scholar	아는 것이 힘이다.	Knowledge is power.
0ee3d085-f323-4811-a6e5-270ad6fecbfb	프란체스코 페트라르카	Francesco Petrarca	free	author	홀로 있을 때 가장 덜 홀로 있다.	I am never less alone than when alone.
edca159a-cc22-42ad-b2bd-8e19fd1e6044	프란츠 리스트	Franz Liszt	bold	musician	열정 없는 연주는 잘못된 음표보다 더 용납할 수 없다.	Playing without passion is unforgivable, worse than a wrong note.
57815a7d-238d-4f03-8238-bc07c8ef0c57	프란츠 슈베르트	Franz Schubert	gentle	musician	나의 음악은 고통의 산물이다.	My music is the product of my suffering.
227ffe66-1c5c-4ec3-8704-5512bde50bf9	프레데리크 쇼팽	Frederic Chopin	gentle	musician	단순함은 예술의 최종 성취다	Simplicity is the final achievement of art.
3753e872-c62c-48ba-9427-8d395c7bc839	프리드리히 2세	Frederick the Great	bold	commander	나는 국가의 첫 번째 하인이다.	I am the first servant of my state.
861761b0-2a56-4454-b467-1d61da70cbe1	프리드리히 니체	Friedrich Nietzsche	bold	humanities_scholar	나를 죽이지 못하는 것은 나를 더 강하게 만든다.	That which does not kill me makes me stronger.
04bfb278-e390-4b72-915f-1d340f6d4aa5	프리드리히 엥겔스	Friedrich Engels	bold	social_scientist	프롤레타리아는 잃을 것이 쇠사슬 외에 아무것도 없다.	The proletarians have nothing to lose but their chains.
82658c4f-c621-43a4-a1af-5b4206a8c3a6	프리드리히 하이에크	Friedrich Hayek	composed	social_scientist	비상사태는 언제나 개인 자유를 침식하는 구실이었다.	The emergency has always been the pretext for eroding individual freedom.
0180722b-662d-4b29-b005-8fc731a35ecf	프리츠 하버	Fritz Haber	composed	scientist	평화 시에는 과학자는 세계에 속하고, 전시에는 조국에 속한다.	In peacetime, a scientist belongs to the world; in wartime, he belongs to his country.
1f0fb8ea-f698-4086-ba6d-fc13e954bebe	프톨레마이오스 1세	Ptolemy I	composed	politician	위대한 알렉산더의 영광을 지혜와 번영의 도시 알렉산드리아에 영원히 보존할 따름이다.	I simply preserve Alexander's glory eternally in the city of wisdom and prosperity, Alexandria.
17ad4b30-eb04-496c-80f8-36757e7f3c70	플라톤	Plato	composed	humanities_scholar	철학은 죽음을 연습하는 것이다.	Philosophy is a preparation for death.
2ffeb33b-c4a9-48b9-becd-d94111cfa4f3	플로렌스 나이팅게일	Florence Nightingale	loyal	influencer	간호는 예술이다. 화가와 조각가의 헌신만큼 전적인 헌신이 필요하다.	Nursing is an art, and if it is to be made an art, it requires as exclusive a devotion as any painter's or sculptor's work.
439db4c8-dafd-42ec-a952-aee7cfc0c958	플로티노스	Plotinus	composed	humanities_scholar	너 안의 신적인 것을 만물 안의 신적인 것으로 끌어올려라	Lift the divine within you to the divine in the All.
9e3c6dea-fbbd-43c3-9040-3b7f95583307	피에르 드 페르마	Pierre de Fermat	free	scientist	증명할 여백이 부족하다.	I have no room in the margin for the proof.
34daa6a0-f79c-4b2b-86aa-ffb1e8e69ccb	피타고라스	Pythagoras	composed	scientist	수가 만물을 지배한다	Number rules the universe.
28342761-48d1-435f-9674-42724e544acd	필리포 브루넬레스키	Filippo Brunelleschi	bold	visual_artist	나는 영원을 위해 짓겠다	I shall build for eternity.
3674667d-990d-415e-bbfb-e20ec30b96bd	하드리아누스	Hadrian	composed	politician	작고 헤매는 다정한 영혼이여, 어디로 가려느냐	Little soul, wandering, gentle guest of the body—where now are you going?
70478a88-146b-4380-95b0-ae269ce3eb88	하트셉수트	Hatshepsut	bold	politician	무너진 것을 복원하고 미완의 것을 세웠다	I have restored what was destroyed and completed what was unfinished.
8e87dd1a-8c01-4af9-b966-e09cc24f4613	한고조	Liu Bang	free	commander	나는 인걸들을 쓸 줄 알았을 뿐이다	I only knew how to make use of men of outstanding talent.
0e7d6179-882d-4e30-a0e9-fd6dc62c438d	한니발 바르카	Hannibal Barca	bold	commander	길을 찾거나, 길을 만들겠다	I will either find a way or make one.
75e19a62-ed4a-475e-aac3-241bc76b694d	한비자	Han Feizi	bold	humanities_scholar	법은 귀한 자에게 아첨하지 않고, 먹줄은 굽은 것을 따라 휘지 않는다.	The law does not flatter the noble, and the plumb line does not bend to the crooked.
7c0afcc1-3941-40c3-98b7-185ee87ba768	한신	Han Xin	bold	commander	병사는 많으면 많을수록 좋다.	The more soldiers, the better.
97e8fbff-5022-4aa7-a36f-6b89393b113b	한용운	Han Yong-un	humble	humanities_scholar	자유는 만유의 생명이요, 평화는 인생의 행복이다.	Freedom is the life of all things; peace is the happiness of man.
d52c3a26-f21a-4c5b-9145-2f4ac6942283	한유	Han Yu	composed	humanities_scholar	업은 부지런함에서 정밀해지고 게으름에서 황폐해진다.	Learning grows precise through diligence and falls to ruin through laziness.
58cd2012-c679-48bc-8600-f71247aa31cb	항우	Xiang Yu	bold	commander	만인을 상대할 학문을 배우겠다	I will study something to match ten thousand men.
e2af0b9a-f6fa-44b7-86ce-1efc483ecd7c	허균	Heo Gyun	bold	author	천하에 두려운 것은 오직 백성뿐이다	In all under heaven, the only truly fearsome thing is the people.
4a1c6fbe-9f30-4713-993f-3056b7fcdf17	허난설헌	Heo Nanseolheon	gentle	author	스물일곱 붉은 부용꽃처럼 덧없던 삶이지만, 제 한 맺힌 시구절만큼은 세상에 남아 영원하겠죠.	Though a fleeting life like twenty-seven fallen red lotuses, my sorrowful poems will remain eternal.
d205f459-2696-4804-b5f2-370abaf0d886	허먼 멜빌	Herman Melville	composed	author	독창성에서 실패하는 것이 모방에서 성공하는 것보다 낫다	It is better to fail in originality than to succeed in imitation.
a3f2c584-2384-4e04-a267-5f57a6a19322	헤로도토스	Herodotus	composed	humanities_scholar	평화로울 때 아들이 아버지를 묻고, 전쟁이 나면 아버지가 아들을 묻는다	In peace, sons bury their fathers; in war, fathers bury their sons.
846df8bd-20c2-4c3f-8943-611f7ec88e38	헤롯 대왕	Herod the Great	bold	politician	내 권위를 증명하기 위해 거대한 성전과 요새를 이 땅에 영원히 새기겠다.	To prove my authority, I will eternally carve grand temples and fortresses into this land.
c6b0761d-22bb-469e-a82f-2b48a0e8da46	헤르만 헤세	Hermann Hesse	free	author	나무는 언제나 가장 설득력 있는 설교자다.	Trees are the most persuasive preachers.
ce165e49-f78b-4540-98aa-d57bd5314722	헨리 8세	Henry VIII	bold	politician	성직자들은 나의 진정한 신민이 아니다.	The clergy are not my true subjects.
52705e8a-7c4a-411a-977b-a3e087a681d3	헨리 데이비드 소로	Henry David Thoreau	free	author	단순하게, 단순하게, 단순하게 살면 된다.	Simplify, simplify, simplify.
b5a003ec-6a27-4245-ab98-18f44faa0bd1	헨리 포드	Henry Ford	bold	entrepreneur	실패는 다시 시작할 기회일 뿐이다.	Failure is simply the opportunity to begin again more intelligently.
11b77303-049b-4edc-bd01-136fdf2692b1	헬렌 켈러	Helen Keller	humble	author	가장 아름다운 것은 눈으로 볼 수 없고, 가슴으로만 느낀다.	The best and most beautiful things in the world cannot be seen or even touched—they must be felt with the heart.
ee5b4996-d3e5-4021-b97b-892d7ecf5a55	헬무트 폰 몰트케	Helmuth von Moltke	composed	commander	어떤 작전 계획도 주적과의 첫 조우 이후에는 확실성을 잃는다.	No plan of operations extends with certainty beyond the first encounter with the enemy's main strength.
d2b9b2d8-5782-4b80-bd34-e7bf24151c3f	호레이쇼 넬슨	Horatio Nelson	bold	commander	영국은 모든 이가 자신의 의무를 다하기를 기대한다	England expects that every man will do his duty.
8e9a4bdc-2115-42af-94e9-df63ef0ee3fa	호르헤 루이스 보르헤스	Jorge Luis Borges	free	author	천국이 일종의 도서관일 거라고 늘 상상해 왔다.	I have always imagined that Paradise will be a kind of library.
5397f779-2dcb-4712-aca0-c7cb1dde4923	호메로스	Homer	composed	author	마음에 하나를 숨기고 다른 것을 말하는 자는 가증스럽다	Hateful to me is the man who hides one thing in his heart and speaks another.
c563ed8b-5747-4253-9a12-b0d20ccfb28c	호치민	Ho Chi Minh	humble	politician	아무것도 자유보다 소중하지 않는다.	Nothing is more precious than independence and freedom.
e91c3ab2-1dda-40ea-9202-41c1a2603617	홍대용	Hong Dae-yong	free	scientist	우주는 무한하며, 지구는 그 속의 한 작은 점에 불과하다.	The universe is infinite, and the Earth is but a small dot within it.
a0000001-0003-4000-8000-000000000003	황종희	Huang Zongxi	bold	humanities_scholar	천하를 위해 해로운 것은 오직 군주뿐이다	The one thing that harms all under heaven is the ruler alone.
3b7ce906-bf9a-444f-b29b-411a91007630	황진이	Hwang Jini	free	author	어차피 덧없이 늙어갈 청춘인데, 명월 아래서 한바탕 호탕하게 취하고 시를 읊어보자고.	Since youth fades fleetingly anyway, let's get delightfully drunk under the bright moon and recite some poems.
7c8cee70-a88a-4193-88e5-1b2a17b24127	황희	Hwang Hui	humble	politician	관직에 있을 때는 백성을 근심하고, 물러나서는 임금을 근심한다.	In office, worry for the people; in retirement, worry for the king.
3502f185-4d6b-4020-8dfe-a54fadd3987b	후쿠자와 유키치	Fukuzawa Yukichi	bold	humanities_scholar	하늘은 사람 위에 사람을 만들지 않고 사람 아래 사람을 만들지 않는다	Heaven did not create one man above or below another.
bac67dd1-0b4a-4283-9d50-56eeb0716645	흥선대원군	Heungseon Daewongun	bold	politician	서양 오랑캐의 침범에 싸우지 않는 것은 매국이니, 만 년을 이어갈 척화의 결의를 종로에 세워라.	Not fighting the Western barbarians' invasion is treason; establish the monument of anti-appeasement in Jongno.
ebae757b-f8cc-4dac-b7c3-13d7d6e04739	히에로니무스	Hieronymus	composed	humanities_scholar	무지한 채 성경을 읽는 것은 위험에 뛰어드는 것이다	To read Scripture in ignorance is to plunge into danger.
661a6679-447f-43cf-bcc9-1b2b474921f0	히포크라테스	Hippocrates	composed	scientist	인생은 짧고 의술은 길다	Life is short, and the art long.
1eaa6482-d99c-48d5-8b86-b8e728e6691e	힐데가르트 폰 빙엔	Hildegard of Bingen	humble	humanities_scholar	인간은 하늘과 땅, 모든 피조물과 연결된 살아있는 빛이다.	Man is a living light connected to the heavens, the earth, and all creation.